Prod.Date,Matl.Code,Matl.Description,Prod.Qty.
1/21/2026,1325214813075SUNE1,145/80R13_Ultima Neo NextGen_75S_4Rib_TL,3160.0
1/23/2026,1325214813075SUNE1,145/80R13_Ultima Neo NextGen_75S_4Rib_TL,3134.0
1/29/2026,1325214813075SUNE1,145/80R13_Ultima Neo NextGen_75S_4Rib_TL,3092.0
1/27/2026,1325214813075SUNE1,145/80R13_Ultima Neo NextGen_75S_4Rib_TL,3083.0
1/25/2026,1325214813075SUNE1,145/80R13_Ultima Neo NextGen_75S_4Rib_TL,3064.0
1/28/2026,1325214813075SUNE1,145/80R13_Ultima Neo NextGen_75S_4Rib_TL,3004.0
1/24/2026,1325214813075SUNE1,145/80R13_Ultima Neo NextGen_75S_4Rib_TL,2911.0
1/30/2026,1325214813075SUNE1,145/80R13_Ultima Neo NextGen_75S_4Rib_TL,2842.0
1/26/2026,1325214813075SUNE1,145/80R13_Ultima Neo NextGen_75S_4Rib_TL,2768.0
1/20/2026,1325214813075SUNE1,145/80R13_Ultima Neo NextGen_75S_4Rib_TL,2736.0
1/22/2026,1325214813075SUNE1,145/80R13_Ultima Neo NextGen_75S_4Rib_TL,2730.0
1/3/2026,1225170015012LSTL0,7.00R15_STEELKING_12PR_L_TT,2470.0
1/2/2026,1225170015012LSTL0,7.00R15_STEELKING_12PR_L_TT,2466.0
1/6/2026,1225170015012LSTL0,7.00R15_STEELKING_12PR_L_TT,2426.0
1/7/2026,1225170015012LSTL0,7.00R15_STEELKING_12PR_L_TT,2384.0
1/5/2026,1225170015012LSTL0,7.00R15_STEELKING_12PR_L_TT,2376.0
1/1/2026,1225170015012LSTL0,7.00R15_STEELKING_12PR_L_TT,2306.0
1/4/2026,1225170015012LSTL0,7.00R15_STEELKING_12PR_L_TT,2292.0
1/18/2026,1325214813075SUNE1,145/80R13_Ultima Neo NextGen_75S_4Rib_TL,2284.0
1/8/2026,1225170015012LSTL0,7.00R15_STEELKING_12PR_L_TT,2282.0
1/9/2026,1225170015012LSTL0,7.00R15_STEELKING_12PR_L_TT,2062.0
1/10/2026,1225170015012LSTL0,7.00R15_STEELKING_12PR_L_TT,2002.0
1/19/2026,1325214813075SUNE1,145/80R13_Ultima Neo NextGen_75S_4Rib_TL,1843.0
1/16/2026,1325214813075SUNE1,145/80R13_Ultima Neo NextGen_75S_4Rib_TL,1685.0
1/15/2026,1325214813075SUNE1,145/80R13_Ultima Neo NextGen_75S_4Rib_TL,1667.0
1/11/2026,1225170015012LSTL0,7.00R15_STEELKING_12PR_L_TT,1626.0
1/15/2026,1225170015012LSTL0,7.00R15_STEELKING_12PR_L_TT,1500.0
1/23/2026,1225170015012LSTL0,7.00R15_STEELKING_12PR_L_TT,1498.0
1/28/2026,1225170015012LSTL0,7.00R15_STEELKING_12PR_L_TT,1494.0
1/17/2026,1225170015012LSTL0,7.00R15_STEELKING_12PR_L_TT,1465.0
1/14/2026,1325214813075SUNE1,145/80R13_Ultima Neo NextGen_75S_4Rib_TL,1457.0
1/18/2026,1225170015012LSTL0,7.00R15_STEELKING_12PR_L_TT,1456.0
1/20/2026,1225170015012LSTL0,7.00R15_STEELKING_12PR_L_TT,1446.0
1/17/2026,1325214813075SUNE1,145/80R13_Ultima Neo NextGen_75S_4Rib_TL,1440.0
1/12/2026,1225170015012LSTL0,7.00R15_STEELKING_12PR_L_TT,1438.0
1/29/2026,1225170015012LSTL0,7.00R15_STEELKING_12PR_L_TT,1434.0
1/19/2026,1225170015012LSTL0,7.00R15_STEELKING_12PR_L_TT,1428.0
1/22/2026,1225170015012LSTL0,7.00R15_STEELKING_12PR_L_TT,1414.0
1/21/2026,1225170015012LSTL0,7.00R15_STEELKING_12PR_L_TT,1410.0
1/16/2026,1225170015012LSTL0,7.00R15_STEELKING_12PR_L_TT,1385.0
1/25/2026,1225170015012LSTL0,7.00R15_STEELKING_12PR_L_TT,1380.0
1/30/2026,1225170015012LSTL0,7.00R15_STEELKING_12PR_L_TT,1368.0
1/14/2026,1225170015012LSTL0,7.00R15_STEELKING_12PR_L_TT,1306.0
1/2/2026,1325214813075SUNE1,145/80R13_Ultima Neo NextGen_75S_4Rib_TL,1302.0
1/4/2026,1325214813075SUNE1,145/80R13_Ultima Neo NextGen_75S_4Rib_TL,1298.0
1/3/2026,1325214813075SUNE1,145/80R13_Ultima Neo NextGen_75S_4Rib_TL,1296.0
1/7/2026,1325214813075SUNE1,145/80R13_Ultima Neo NextGen_75S_4Rib_TL,1294.0
1/1/2026,1325214813075SUNE1,145/80R13_Ultima Neo NextGen_75S_4Rib_TL,1282.0
1/27/2026,1225170015012LSTL0,7.00R15_STEELKING_12PR_L_TT,1274.0
1/24/2026,1225170015012LSTL0,7.00R15_STEELKING_12PR_L_TT,1258.0
1/5/2026,1325214813075SUNE1,145/80R13_Ultima Neo NextGen_75S_4Rib_TL,1253.0
1/10/2026,1325214813075SUNE1,145/80R13_Ultima Neo NextGen_75S_4Rib_TL,1252.0
1/6/2026,1325214813075SUNE1,145/80R13_Ultima Neo NextGen_75S_4Rib_TL,1245.0
1/12/2026,1325214813075SUNE1,145/80R13_Ultima Neo NextGen_75S_4Rib_TL,1220.0
1/8/2026,1325214813075SUNE1,145/80R13_Ultima Neo NextGen_75S_4Rib_TL,1112.0
1/11/2026,1325214813075SUNE1,145/80R13_Ultima Neo NextGen_75S_4Rib_TL,1098.0
1/26/2026,1225170015012LSTL0,7.00R15_STEELKING_12PR_L_TT,1097.0
1/6/2026,1325221416095VURL0,215/60 R 16 _UX ROYALE_95_V_TL,1090.0
1/9/2026,1325214813075SUNE1,145/80R13_Ultima Neo NextGen_75S_4Rib_TL,1086.0
1/27/2026,1325221416095VURL0,215/60 R 16 _UX ROYALE_95_V_TL,1082.0
1/7/2026,1325221416095VURL0,215/60 R 16 _UX ROYALE_95_V_TL,1068.0
1/18/2026,1325221416095VURL0,215/60 R 16 _UX ROYALE_95_V_TL,1040.0
1/20/2026,1D25213812090FXPC0,130/80R12 _ULTIMA XPC_90_F_TL_BAJAJ,1037.0
1/21/2026,1D25213812090FXPC0,130/80R12 _ULTIMA XPC_90_F_TL_BAJAJ,1020.0
1/18/2026,1D25213812090FXPC0,130/80R12 _ULTIMA XPC_90_F_TL_BAJAJ,1019.0
1/29/2026,1D25213812090FXPC0,130/80R12 _ULTIMA XPC_90_F_TL_BAJAJ,1014.0
1/14/2026,1D25213812090FXPC0,130/80R12 _ULTIMA XPC_90_F_TL_BAJAJ,1010.0
1/20/2026,1325221416095VURL0,215/60 R 16 _UX ROYALE_95_V_TL,1008.0
1/30/2026,1D25213812090FXPC0,130/80R12 _ULTIMA XPC_90_F_TL_BAJAJ,1006.0
1/25/2026,1D25213812090FXPC0,130/80R12 _ULTIMA XPC_90_F_TL_BAJAJ,1004.0
1/21/2026,1325221416095VURL0,215/60 R 16 _UX ROYALE_95_V_TL,1002.0
1/16/2026,1D25213812090FXPC0,130/80R12 _ULTIMA XPC_90_F_TL_BAJAJ,998.0
1/28/2026,1D25213812090FXPC0,130/80R12 _ULTIMA XPC_90_F_TL_BAJAJ,996.0
1/5/2026,1D25213812090FXPC0,130/80R12 _ULTIMA XPC_90_F_TL_BAJAJ,996.0
1/23/2026,1D25213812090FXPC0,130/80R12 _ULTIMA XPC_90_F_TL_BAJAJ,992.0
1/5/2026,1D25212812074FXC10,120/80R12_ULTIMA XPC1_74_F_TL,987.0
1/24/2026,1D25213812090FXPC0,130/80R12 _ULTIMA XPC_90_F_TL_BAJAJ,986.0
1/14/2026,1D25212812074FXC10,120/80R12_ULTIMA XPC1_74_F_TL,986.0
1/7/2026,1D25213812090FXPC0,130/80R12 _ULTIMA XPC_90_F_TL_BAJAJ,984.0
1/3/2026,1D25212812074FXC10,120/80R12_ULTIMA XPC1_74_F_TL,978.0
1/11/2026,1325221416095VURL0,215/60 R 16 _UX ROYALE_95_V_TL,974.0
1/11/2026,1D25212812074FXC10,120/80R12_ULTIMA XPC1_74_F_TL,973.0
1/4/2026,1D25212812074FXC10,120/80R12_ULTIMA XPC1_74_F_TL,973.0
1/3/2026,1D25213812090FXPC0,130/80R12 _ULTIMA XPC_90_F_TL_BAJAJ,966.0
1/9/2026,1D25212812074FXC10,120/80R12_ULTIMA XPC1_74_F_TL,965.0
1/6/2026,1D25212812074FXC10,120/80R12_ULTIMA XPC1_74_F_TL,964.0
1/19/2026,1325221416095VURL0,215/60 R 16 _UX ROYALE_95_V_TL,964.0
1/2/2026,1325114812074TUHL0,145/80R12 ULTIMA HI^LIFE_TT,962.0
1/10/2026,1D25212812074FXC10,120/80R12_ULTIMA XPC1_74_F_TL,962.0
1/8/2026,1325221416095VURL0,215/60 R 16 _UX ROYALE_95_V_TL,960.0
1/12/2026,1325221416095VURL0,215/60 R 16 _UX ROYALE_95_V_TL,954.0
1/12/2026,1D25212812074FXC10,120/80R12_ULTIMA XPC1_74_F_TL,952.0
1/13/2026,1325214813075SUNE1,145/80R13_Ultima Neo NextGen_75S_4Rib_TL,950.0
1/5/2026,1325114812074TUHL0,145/80R12 ULTIMA HI^LIFE_TT,947.0
1/22/2026,1325221416095VURL0,215/60 R 16 _UX ROYALE_95_V_TL,946.0
1/5/2026,1325218515088HTMX0,185/65 R15_TAXIMAX_88 H TL,946.0
1/4/2026,1325218515088HTMX0,185/65 R15_TAXIMAX_88 H TL,944.0
1/13/2026,1225170015012LSTL0,7.00R15_STEELKING_12PR_L_TT,940.0
1/6/2026,1325218515088HTMX0,185/65 R15_TAXIMAX_88 H TL,940.0
1/1/2026,1D25212812074FXC10,120/80R12_ULTIMA XPC1_74_F_TL,938.0
1/1/2026,1325114812074TUHL0,145/80R12 ULTIMA HI^LIFE_TT,938.0
1/29/2026,1325218515088HTMX0,185/65 R15_TAXIMAX_88 H TL,934.0
1/21/2026,1325218515088HTMX0,185/65 R15_TAXIMAX_88 H TL,932.0
1/15/2026,1325218515088HTMX0,185/65 R15_TAXIMAX_88 H TL,932.0
1/17/2026,1325218515088HTMX0,185/65 R15_TAXIMAX_88 H TL,930.0
1/28/2026,1325218515088HTMX0,185/65 R15_TAXIMAX_88 H TL,928.0
1/8/2026,1D25213812090FXPC0,130/80R12 _ULTIMA XPC_90_F_TL_BAJAJ,922.0
1/16/2026,1325218515088HTMX0,185/65 R15_TAXIMAX_88 H TL,918.0
1/27/2026,1325218515088HTMX0,185/65 R15_TAXIMAX_88 H TL,918.0
1/10/2026,1325221416095VURL0,215/60 R 16 _UX ROYALE_95_V_TL,912.0
1/26/2026,1325221416095VURL0,215/60 R 16 _UX ROYALE_95_V_TL,908.0
1/23/2026,1325216814085STMX0,165/80 R14_TAXIMAX_85 S TL,904.0
1/1/2026,1D25213812090FXPC0,130/80R12 _ULTIMA XPC_90_F_TL_BAJAJ,904.0
1/28/2026,1325221416095VURL0,215/60 R 16 _UX ROYALE_95_V_TL,904.0
1/22/2026,1D25213812090FXPC0,130/80R12 _ULTIMA XPC_90_F_TL_BAJAJ,902.0
1/9/2026,1D25212812086FXPC0,120/80R12_ULTIMA XPC_86F_TL,900.0
1/19/2026,1D25213812090FXPC0,130/80R12 _ULTIMA XPC_90_F_TL_BAJAJ,900.0
1/4/2026,1325114812074TUHL0,145/80R12 ULTIMA HI^LIFE_TT,898.0
1/17/2026,1D25213812090FXPC0,130/80R12 _ULTIMA XPC_90_F_TL_BAJAJ,896.0
1/12/2026,1D25213812090FXPC0,130/80R12 _ULTIMA XPC_90_F_TL_BAJAJ,896.0
1/22/2026,1325218515088HTMX0,185/65 R15_TAXIMAX_88 H TL,894.0
1/11/2026,1325114812074TUHL0,145/80R12 ULTIMA HI^LIFE_TT,894.0
1/27/2026,1325214812074TUHL0,145/80R12 ULTIMA HI^LIFE_TL,892.0
1/12/2026,1325114812074TUHL0,145/80R12 ULTIMA HI^LIFE_TT,891.0
1/17/2026,1325221416095VURL0,215/60 R 16 _UX ROYALE_95_V_TL,890.0
1/22/2026,1325216814085STMX0,165/80 R14_TAXIMAX_85 S TL,890.0
1/2/2026,1D25212812074FXC10,120/80R12_ULTIMA XPC1_74_F_TL,888.0
1/24/2026,1325221416095VURL0,215/60 R 16 _UX ROYALE_95_V_TL,888.0
1/2/2026,1D25212812086FXPC0,120/80R12_ULTIMA XPC_86F_TL,888.0
1/30/2026,1325221416095VURL0,215/60 R 16 _UX ROYALE_95_V_TL,886.0
1/16/2026,1325221416095VURL0,215/60 R 16 _UX ROYALE_95_V_TL,886.0
1/5/2026,1325216814085STMX0,165/80 R14_TAXIMAX_85 S TL,884.0
1/17/2026,1325216814085STMX0,165/80 R14_TAXIMAX_85 S TL,884.0
1/3/2026,1325114812074TUHL0,145/80R12 ULTIMA HI^LIFE_TT,882.0
1/9/2026,1325114812074TUHL0,145/80R12 ULTIMA HI^LIFE_TT,880.0
1/8/2026,1D25212812074FXC10,120/80R12_ULTIMA XPC1_74_F_TL,879.0
1/7/2026,1D25212812074FXC10,120/80R12_ULTIMA XPC1_74_F_TL,878.0
1/5/2026,1325221416095VURL0,215/60 R 16 _UX ROYALE_95_V_TL,877.0
1/11/2026,1D25213812090FXPC0,130/80R12 _ULTIMA XPC_90_F_TL_BAJAJ,876.0
1/9/2026,1325221416095VURL0,215/60 R 16 _UX ROYALE_95_V_TL,874.0
1/15/2026,1D25212812074FXC10,120/80R12_ULTIMA XPC1_74_F_TL,874.0
1/20/2026,1325216814085STMX0,165/80 R14_TAXIMAX_85 S TL,866.0
1/7/2026,1325216814085STMX0,165/80 R14_TAXIMAX_85 S TL,863.0
1/10/2026,1325114812074TUHL0,145/80R12 ULTIMA HI^LIFE_TT,863.0
1/27/2026,1325216814085STMX0,165/80 R14_TAXIMAX_85 S TL,862.0
1/2/2026,1325216814085STMX0,165/80 R14_TAXIMAX_85 S TL,856.0
1/10/2026,1D25212812086FXPC0,120/80R12_ULTIMA XPC_86F_TL,856.0
1/3/2026,1325218515088HTMX0,185/65 R15_TAXIMAX_88 H TL,854.0
1/15/2026,1325221416095VURL0,215/60 R 16 _UX ROYALE_95_V_TL,848.0
1/10/2026,1D25213812090FXPC0,130/80R12 _ULTIMA XPC_90_F_TL_BAJAJ,848.0
1/23/2026,1325221416095VURL0,215/60 R 16 _UX ROYALE_95_V_TL,846.0
1/15/2026,1325216814085STMX0,165/80 R14_TAXIMAX_85 S TL,844.0
1/4/2026,1325216814085STMX0,165/80 R14_TAXIMAX_85 S TL,842.0
1/6/2026,1325114812074TUHL0,145/80R12 ULTIMA HI^LIFE_TT,840.0
1/15/2026,1D25213812090FXPC0,130/80R12 _ULTIMA XPC_90_F_TL_BAJAJ,840.0
1/1/2026,1325218515088HTMX0,185/65 R15_TAXIMAX_88 H TL,836.0
1/9/2026,1325218515088HTMX0,185/65 R15_TAXIMAX_88 H TL,836.0
1/20/2026,1325218515088HTMX0,185/65 R15_TAXIMAX_88 H TL,835.0
1/4/2026,1D25212812086FXPC0,120/80R12_ULTIMA XPC_86F_TL,832.0
1/12/2026,1D25212812086FXPC0,120/80R12_ULTIMA XPC_86F_TL,832.0
1/6/2026,1D25213812090FXPC0,130/80R12 _ULTIMA XPC_90_F_TL_BAJAJ,832.0
1/16/2026,1325214812074TUHL0,145/80R12 ULTIMA HI^LIFE_TL,828.0
1/27/2026,1D25213812090FXPC0,130/80R12 _ULTIMA XPC_90_F_TL_BAJAJ,826.0
1/19/2026,1325218515088HTMX0,185/65 R15_TAXIMAX_88 H TL,826.0
1/7/2026,1D25212812086FXPC0,120/80R12_ULTIMA XPC_86F_TL,822.0
1/11/2026,1325216814085STMX0,165/80 R14_TAXIMAX_85 S TL,820.0
1/8/2026,1325218515088HTMX0,185/65 R15_TAXIMAX_88 H TL,818.0
1/24/2026,1325218515088HTMX0,185/65 R15_TAXIMAX_88 H TL,812.0
1/9/2026,1325216814085STMX0,165/80 R14_TAXIMAX_85 S TL,810.0
1/29/2026,1325216814085STMX0,165/80 R14_TAXIMAX_85 S TL,810.0
1/9/2026,1D25213812090FXPC0,130/80R12 _ULTIMA XPC_90_F_TL_BAJAJ,808.0
1/11/2026,1325218515088HTMX0,185/65 R15_TAXIMAX_88 H TL,806.0
1/30/2026,1325218515088HTMX0,185/65 R15_TAXIMAX_88 H TL,806.0
1/22/2026,1325214812074TUHL0,145/80R12 ULTIMA HI^LIFE_TL,805.0
1/28/2026,1325214812074TUHL0,145/80R12 ULTIMA HI^LIFE_TL,805.0
1/18/2026,1325218515088HTMX0,185/65 R15_TAXIMAX_88 H TL,805.0
1/29/2026,1325221416095VURL0,215/60 R 16 _UX ROYALE_95_V_TL,804.0
1/1/2026,1D25212812086FXPC0,120/80R12_ULTIMA XPC_86F_TL,802.0
1/8/2026,1325216814085STMX0,165/80 R14_TAXIMAX_85 S TL,796.0
1/24/2026,1325214812074TUHL0,145/80R12 ULTIMA HI^LIFE_TL,796.0
1/1/2026,1325216814085STMX0,165/80 R14_TAXIMAX_85 S TL,792.0
1/7/2026,1325218515088HTMX0,185/65 R15_TAXIMAX_88 H TL,786.0
1/28/2026,1325216814085STMX0,165/80 R14_TAXIMAX_85 S TL,784.0
1/2/2026,1325218515088HTMX0,185/65 R15_TAXIMAX_88 H TL,780.0
1/23/2026,1325214812074TUHL0,145/80R12 ULTIMA HI^LIFE_TL,779.0
1/7/2026,1325114812074TUHL0,145/80R12 ULTIMA HI^LIFE_TT,778.0
1/29/2026,1325214812074TUHL0,145/80R12 ULTIMA HI^LIFE_TL,776.0
1/6/2026,1D25212812086FXPC0,120/80R12_ULTIMA XPC_86F_TL,774.0
1/25/2026,1325221416095VURL0,215/60 R 16 _UX ROYALE_95_V_TL,774.0
1/4/2026,1D25213812090FXPC0,130/80R12 _ULTIMA XPC_90_F_TL_BAJAJ,773.0
1/12/2026,1325218515088HTMX0,185/65 R15_TAXIMAX_88 H TL,773.0
1/8/2026,1D25212812086FXPC0,120/80R12_ULTIMA XPC_86F_TL,770.0
1/2/2026,1D25213812090FXPC0,130/80R12 _ULTIMA XPC_90_F_TL_BAJAJ,768.0
1/14/2026,1D25212812086FXPC0,120/80R12_ULTIMA XPC_86F_TL,768.0
1/8/2026,1325114812074TUHL0,145/80R12 ULTIMA HI^LIFE_TT,765.0
1/5/2026,1D25212812086FXPC0,120/80R12_ULTIMA XPC_86F_TL,764.0
1/10/2026,1325216814085STMX0,165/80 R14_TAXIMAX_85 S TL,764.0
1/14/2026,1325216814085STMX0,165/80 R14_TAXIMAX_85 S TL,762.0
1/21/2026,1325216814085STMX0,165/80 R14_TAXIMAX_85 S TL,762.0
1/19/2026,1325216814085STMX0,165/80 R14_TAXIMAX_85 S TL,762.0
1/16/2026,1D25212812074FXC10,120/80R12_ULTIMA XPC1_74_F_TL,760.0
1/3/2026,1325216814085STMX0,165/80 R14_TAXIMAX_85 S TL,760.0
1/26/2026,1D25213812090FXPC0,130/80R12 _ULTIMA XPC_90_F_TL_BAJAJ,759.0
1/30/2026,1325216814085STMX0,165/80 R14_TAXIMAX_85 S TL,759.0
1/12/2026,1325216814085STMX0,165/80 R14_TAXIMAX_85 S TL,756.0
1/24/2026,1325216814085STMX0,165/80 R14_TAXIMAX_85 S TL,756.0
1/26/2026,1325216814085STMX0,165/80 R14_TAXIMAX_85 S TL,755.0
1/14/2026,1325218515088HTMX0,185/65 R15_TAXIMAX_88 H TL,754.0
1/11/2026,1D25212812086FXPC0,120/80R12_ULTIMA XPC_86F_TL,748.0
1/12/2026,1325215813079STMX0,155/80 R13_TAXIMAX_79 S TL,743.0
1/26/2026,1325218515088HTMX0,185/65 R15_TAXIMAX_88 H TL,742.0
1/11/2026,1325215813079STMX0,155/80 R13_TAXIMAX_79 S TL,736.0
1/30/2026,1325214812074TUHL0,145/80R12 ULTIMA HI^LIFE_TL,735.0
1/21/2026,1325214812074TUHL0,145/80R12 ULTIMA HI^LIFE_TL,735.0
1/20/2026,1325214812074TUHL0,145/80R12 ULTIMA HI^LIFE_TL,733.0
1/6/2026,1325216814085STMX0,165/80 R14_TAXIMAX_85 S TL,728.0
1/10/2026,1325215813079STMX0,155/80 R13_TAXIMAX_79 S TL,724.0
1/5/2026,1325215813079STMX0,155/80 R13_TAXIMAX_79 S TL,722.0
1/26/2026,1325214812074TUHL0,145/80R12 ULTIMA HI^LIFE_TL,721.0
1/1/2026,1325215813079STMX0,155/80 R13_TAXIMAX_79 S TL,706.0
1/6/2026,1325215813079STMX0,155/80 R13_TAXIMAX_79 S TL,699.0
1/20/2026,1325217514082TTMX0,175/65 R14_TAXIMAX_82_T_TL,698.0
1/25/2026,1325218515088HTMX0,185/65 R15_TAXIMAX_88 H TL,698.0
1/3/2026,1D25212812086FXPC0,120/80R12_ULTIMA XPC_86F_TL,698.0
1/4/2026,1325215813079STMX0,155/80 R13_TAXIMAX_79 S TL,695.0
1/17/2026,1325217514082TTMX0,175/65 R14_TAXIMAX_82_T_TL,692.0
1/17/2026,1325214812074TUHL0,145/80R12 ULTIMA HI^LIFE_TL,692.0
1/27/2026,1325217514082TTMX0,175/65 R14_TAXIMAX_82_T_TL,683.0
1/10/2026,1325218515088HTMX0,185/65 R15_TAXIMAX_88 H TL,680.0
1/18/2026,1325216814085STMX0,165/80 R14_TAXIMAX_85 S TL,678.0
1/16/2026,1325216814085STMX0,165/80 R14_TAXIMAX_85 S TL,678.0
1/2/2026,1325215813079STMX0,155/80 R13_TAXIMAX_79 S TL,672.0
1/23/2026,1325218515088HTMX0,185/65 R15_TAXIMAX_88 H TL,672.0
1/13/2026,1D25213812090FXPC0,130/80R12 _ULTIMA XPC_90_F_TL_BAJAJ,656.0
1/7/2026,1325216814085TURL0,165/80R14_UX ROYALE_85T_MSIL_4Rib_TL,656.0
1/24/2026,1325217514082TTMX0,175/65 R14_TAXIMAX_82_T_TL,654.0
1/14/2026,1325221416095VURL0,215/60 R 16 _UX ROYALE_95_V_TL,654.0
1/25/2026,1325216814085STMX0,165/80 R14_TAXIMAX_85 S TL,652.0
1/18/2026,1325214812074TUHL0,145/80R12 ULTIMA HI^LIFE_TL,649.0
1/28/2026,1325217514082TTMX0,175/65 R14_TAXIMAX_82_T_TL,648.0
1/29/2026,1325221417100HURL1,215/60R17_UX ROYALE _100H XL TL_DOM REPL,648.0
1/30/2026,1325221715100SRHT0,215/75 R 15_RANGER H/T _100_S_TL,647.0
1/16/2026,1325221715100SRHT0,215/75 R 15_RANGER H/T _100_S_TL,647.0
1/3/2026,1325215813079STMX0,155/80 R13_TAXIMAX_79 S TL,647.0
1/26/2026,1325217514082TTMX0,175/65 R14_TAXIMAX_82_T_TL,647.0
1/25/2026,1325221715100SRHT0,215/75 R 15_RANGER H/T _100_S_TL,646.0
1/25/2026,1325214812074TUHL0,145/80R12 ULTIMA HI^LIFE_TL,642.0
1/12/2026,1325216814085TURL0,165/80R14_UX ROYALE_85T_MSIL_4Rib_TL,642.0
1/2/2026,1325221715100SRHT0,215/75 R 15_RANGER H/T _100_S_TL,638.0
1/4/2026,1325221715100SRHT0,215/75 R 15_RANGER H/T _100_S_TL,631.0
1/5/2026,1325221715100SRHT0,215/75 R 15_RANGER H/T _100_S_TL,630.0
1/11/2026,1325216814085TURL0,165/80R14_UX ROYALE_85T_MSIL_4Rib_TL,624.0
1/10/2026,1325221715100SRHT0,215/75 R 15_RANGER H/T _100_S_TL,624.0
1/4/2026,1325216814085TURL0,165/80R14_UX ROYALE_85T_MSIL_4Rib_TL,624.0
1/12/2026,1325221417100HURL1,215/60R17_UX ROYALE _100H XL TL_DOM REPL,623.0
1/13/2026,1D25212812086FXPC0,120/80R12_ULTIMA XPC_86F_TL,622.0
1/4/2026,1325216614081STMX0,165/70R14_ TAXIMAX _81 S TL,622.0
1/18/2026,1325216614081STMX0,165/70R14_ TAXIMAX _81 S TL,620.0
1/18/2026,1325221715100SRHT0,215/75 R 15_RANGER H/T _100_S_TL,620.0
1/6/2026,1325221715100SRHT0,215/75 R 15_RANGER H/T _100_S_TL,620.0
1/25/2026,1325217514082TTMX0,175/65 R14_TAXIMAX_82_T_TL,618.0
1/19/2026,1325221417100HURL1,215/60R17_UX ROYALE _100H XL TL_DOM REPL,616.0
1/9/2026,1325221715100SRHT0,215/75 R 15_RANGER H/T _100_S_TL,614.0
1/29/2026,1325216614081STMX0,165/70R14_ TAXIMAX _81 S TL,612.0
1/1/2026,1325221715100SRHT0,215/75 R 15_RANGER H/T _100_S_TL,612.0
1/22/2026,1325217514082TTMX0,175/65 R14_TAXIMAX_82_T_TL,610.0
1/17/2026,1325216614081STMX0,165/70R14_ TAXIMAX _81 S TL,608.0
1/5/2026,1325216614081STMX0,165/70R14_ TAXIMAX _81 S TL,608.0
1/30/2026,1325216614081STMX0,165/70R14_ TAXIMAX _81 S TL,606.0
1/13/2026,1D25212812074FXC10,120/80R12_ULTIMA XPC1_74_F_TL,606.0
1/18/2026,1325217514082TTMX0,175/65 R14_TAXIMAX_82_T_TL,604.0
1/25/2026,1325216614081STMX0,165/70R14_ TAXIMAX _81 S TL,602.0
1/4/2026,1325214612069TUHL0,145/70R12 ULTIMA HI^LIFE _69 T_TL,600.0
1/19/2026,1325214812074TUHL0,145/80R12 ULTIMA HI^LIFE_TL,599.0
1/30/2026,1325217514082HVECL,175/65R14_VECTRA_82 H_ EXPORT,598.0
1/20/2026,1325216614081STMX0,165/70R14_ TAXIMAX _81 S TL,598.0
1/21/2026,1325217514082TTMX0,175/65 R14_TAXIMAX_82_T_TL,596.0
1/27/2026,1325221715100SRHT0,215/75 R 15_RANGER H/T _100_S_TL,592.0
1/14/2026,1325216614081STMX0,165/70R14_ TAXIMAX _81 S TL,590.0
1/25/2026,1325221417100HURL1,215/60R17_UX ROYALE _100H XL TL_DOM REPL,590.0
1/21/2026,1325217514082HVECL,175/65R14_VECTRA_82 H_ EXPORT,586.0
1/13/2026,1325218515088HTMX0,185/65 R15_TAXIMAX_88 H TL,586.0
1/19/2026,1325213615099MSXT0,135/70R15 STAR XT_99M TL,584.0
1/15/2026,1325221715100SRHT0,215/75 R 15_RANGER H/T _100_S_TL,582.0
1/11/2026,1325221715100SRHT0,215/75 R 15_RANGER H/T _100_S_TL,582.0
1/5/2026,1325219316087VURL0,195/55 R16_UX ROYALE_87_V_TL,582.0
1/23/2026,1325216614081STMX0,165/70R14_ TAXIMAX _81 S TL,580.0
1/29/2026,1325217514082HVECL,175/65R14_VECTRA_82 H_ EXPORT,579.0
1/19/2026,1325217514082TTMX0,175/65 R14_TAXIMAX_82_T_TL,578.0
1/17/2026,1D25212812074FXC10,120/80R12_ULTIMA XPC1_74_F_TL,576.0
1/9/2026,1325215813079STMX0,155/80 R13_TAXIMAX_79 S TL,576.0
1/26/2026,1325217514082HVECL,175/65R14_VECTRA_82 H_ EXPORT,575.0
1/7/2026,1325215813079STMX0,155/80 R13_TAXIMAX_79 S TL,574.0
1/3/2026,1325216614081STMX0,165/70R14_ TAXIMAX _81 S TL,574.0
1/23/2026,1325217514082HVECL,175/65R14_VECTRA_82 H_ EXPORT,574.0
1/9/2026,1325216614081STMX0,165/70R14_ TAXIMAX _81 S TL,574.0
1/23/2026,1325221715100SRHT0,215/75 R 15_RANGER H/T _100_S_TL,570.0
1/27/2026,1325221417100HURL1,215/60R17_UX ROYALE _100H XL TL_DOM REPL,570.0
1/19/2026,1325216614081STMX0,165/70R14_ TAXIMAX _81 S TL,570.0
1/8/2026,1325215813079STMX0,155/80 R13_TAXIMAX_79 S TL,566.0
1/16/2026,1325221417100HURL1,215/60R17_UX ROYALE _100H XL TL_DOM REPL,564.0
1/17/2026,1325221715100SRHT0,215/75 R 15_RANGER H/T _100_S_TL,564.0
1/28/2026,1325221715100SRHT0,215/75 R 15_RANGER H/T _100_S_TL,563.0
1/6/2026,1325216814085TURL0,165/80R14_UX ROYALE_85T_MSIL_4Rib_TL,561.0
1/20/2026,1325213615099MSXT0,135/70R15 STAR XT_99M TL,557.0
1/18/2026,1325219416089HRHE0,195/60R16_RANGER HPE_89H TL_TML,556.0
1/20/2026,1325217514082HVECL,175/65R14_VECTRA_82 H_ EXPORT,555.0
1/11/2026,1325216614081STMX0,165/70R14_ TAXIMAX _81 S TL,555.0
1/30/2026,1225221715115SSTL0,215/75R15_STEELKING_S_TL,552.0
1/7/2026,1325219316087VURL0,195/55 R16_UX ROYALE_87_V_TL,550.0
1/5/2026,1325216814085TURL0,165/80R14_UX ROYALE_85T_MSIL_4Rib_TL,550.0
1/10/2026,1325216814085TURL0,165/80R14_UX ROYALE_85T_MSIL_4Rib_TL,548.0
1/28/2026,1325213615099MSXT0,135/70R15 STAR XT_99M TL,548.0
1/5/2026,1325214612069TUHL0,145/70R12 ULTIMA HI^LIFE _69 T_TL,548.0
1/28/2026,1225221715115SSTL0,215/75R15_STEELKING_S_TL,548.0
1/24/2026,1325221715100SRHT0,215/75 R 15_RANGER H/T _100_S_TL,548.0
1/6/2026,1325214612069TUHL0,145/70R12 ULTIMA HI^LIFE _69 T_TL,546.0
1/29/2026,1325213615099MSXT0,135/70R15 STAR XT_99M TL,545.0
1/9/2026,1325219316087VURL0,195/55 R16_UX ROYALE_87_V_TL,542.0
1/8/2026,1325221417100HURL1,215/60R17_UX ROYALE _100H XL TL_DOM REPL,542.0
1/25/2026,1325213615099MSXT0,135/70R15 STAR XT_99M TL,542.0
1/29/2026,1325221715100SRHT0,215/75 R 15_RANGER H/T _100_S_TL,542.0
1/7/2026,1325221715100SRHT0,215/75 R 15_RANGER H/T _100_S_TL,542.0
1/3/2026,1325216814085TURL0,165/80R14_UX ROYALE_85T_MSIL_4Rib_TL,540.0
1/22/2026,1325213615099MSXT0,135/70R15 STAR XT_99M TL,540.0
1/15/2026,1325214812074TUHL0,145/80R12 ULTIMA HI^LIFE_TL,540.0
1/27/2026,1325217514082HVECL,175/65R14_VECTRA_82 H_ EXPORT,540.0
1/22/2026,1225221715115SSTL0,215/75R15_STEELKING_S_TL,540.0
1/13/2026,1325216814085STMX0,165/80 R14_TAXIMAX_85 S TL,540.0
1/14/2026,1325221715100SRHT0,215/75 R 15_RANGER H/T _100_S_TL,537.0
1/26/2026,1325213615099MSXT0,135/70R15 STAR XT_99M TL,536.0
1/23/2026,1225221715115SSTL0,215/75R15_STEELKING_S_TL,536.0
1/30/2026,1325216814085TURL0,165/80R14_UX ROYALE_85T_MSIL_4Rib_TL,536.0
1/30/2026,1325213615099MSXT0,135/70R15 STAR XT_99M TL,535.0
1/8/2026,1325219316087VURL0,195/55 R16_UX ROYALE_87_V_TL,534.0
1/7/2026,1225223516121PSKP0,235/65R16_STEELKING+_TL,534.0
1/18/2026,1325217514082HVECL,175/65R14_VECTRA_82 H_ EXPORT,532.0
1/15/2026,1D25212812086FXPC0,120/80R12_ULTIMA XPC_86F_TL,532.0
1/16/2026,1325216614081STMX0,165/70R14_ TAXIMAX _81 S TL,530.0
1/1/2026,1325216814085TURL0,165/80R14_UX ROYALE_85T_MSIL_4Rib_TL,529.0
1/12/2026,1325216614081STMX0,165/70R14_ TAXIMAX _81 S TL,528.0
1/25/2026,1225221715115SSTL0,215/75R15_STEELKING_S_TL,526.0
1/9/2026,1325216814085TURL0,165/80R14_UX ROYALE_85T_MSIL_4Rib_TL,526.0
1/25/2026,1325217514082HVECL,175/65R14_VECTRA_82 H_ EXPORT,524.0
1/29/2026,1325217514082TTMX0,175/65 R14_TAXIMAX_82_T_TL,524.0
1/15/2026,1325216614081STMX0,165/70R14_ TAXIMAX _81 S TL,524.0
1/18/2026,1325213615099MSXT0,135/70R15 STAR XT_99M TL,524.0
1/23/2026,1325217514082TTMX0,175/65 R14_TAXIMAX_82_T_TL,521.0
1/2/2026,1225223516121PSKP0,235/65R16_STEELKING+_TL,520.0
1/17/2026,1325119815106QBRQ0,195/80R15 BRUTE TT,520.0
1/10/2026,1325216614081STMX0,165/70R14_ TAXIMAX _81 S TL,520.0
1/16/2026,1325119815106QBRQ0,195/80R15 BRUTE TT,520.0
1/26/2026,1325221417100HURL1,215/60R17_UX ROYALE _100H XL TL_DOM REPL,520.0
1/8/2026,1225223516121PSKP0,235/65R16_STEELKING+_TL,520.0
1/11/2026,1325219416089HRHE0,195/60R16_RANGER HPE_89H TL_TML,519.0
1/15/2026,1325219316087VURL0,195/55 R16_UX ROYALE_87_V_TL,518.0
1/29/2026,1225221715115SSTL0,215/75R15_STEELKING_S_TL,518.0
1/24/2026,1225221715115SSTL0,215/75R15_STEELKING_S_TL,516.0
1/4/2026,1225223516121PSKP0,235/65R16_STEELKING+_TL,514.0
1/20/2026,1225221715115SSTL0,215/75R15_STEELKING_S_TL,514.0
1/27/2026,1325213615099MSXT0,135/70R15 STAR XT_99M TL,514.0
1/21/2026,1225221715115SSTL0,215/75R15_STEELKING_S_TL,514.0
1/26/2026,1325221715100SRHT0,215/75 R 15_RANGER H/T _100_S_TL,513.0
1/20/2026,1325221715100SRHT0,215/75 R 15_RANGER H/T _100_S_TL,512.0
1/2/2026,1325119815106QBRQ0,195/80R15 BRUTE TT,512.0
1/6/2026,1225223516121PSKP0,235/65R16_STEELKING+_TL,512.0
1/3/2026,1325214612069TUHL0,145/70R12 ULTIMA HI^LIFE _69 T_TL,508.0
1/2/2026,1325220515094VTMX0,205/65R15_TAXIMAX_94 V_TL,508.0
1/11/2026,1325219316087VURL0,195/55 R16_UX ROYALE_87_V_TL,508.0
1/28/2026,1325220416092VURL0,205/60 R16_UX ROYALE_92_V_TL,508.0
1/26/2026,1325216614081STMX0,165/70R14_ TAXIMAX _81 S TL,506.0
1/29/2026,1325220416092VURL0,205/60 R16_UX ROYALE_92_V_TL,504.0
1/9/2026,1225223516121PSKP0,235/65R16_STEELKING+_TL,504.0
1/24/2026,1325216614081STMX0,165/70R14_ TAXIMAX _81 S TL,502.0
1/14/2026,1325219416089HRHE0,195/60R16_RANGER HPE_89H TL_TML,502.0
1/2/2026,1325216614081STMX0,165/70R14_ TAXIMAX _81 S TL,502.0
1/28/2026,1425118916008QRBT0,185/85R16 RANGER BRT_TT,502.0
1/9/2026,1325221417100HURL1,215/60R17_UX ROYALE _100H XL TL_DOM REPL,501.0
1/23/2026,1325213615099MSXT0,135/70R15 STAR XT_99M TL,500.0
1/9/2026,1325119815106QBRQ0,195/80R15 BRUTE TT,498.0
1/13/2026,1325215813079STMX0,155/80 R13_TAXIMAX_79 S TL,497.0
1/6/2026,1325219316087VURL0,195/55 R16_UX ROYALE_87_V_TL,496.0
1/3/2026,1325220515094VTMX0,205/65R15_TAXIMAX_94 V_TL,494.0
1/17/2026,1325221417100HURL1,215/60R17_UX ROYALE _100H XL TL_DOM REPL,494.0
1/3/2026,1325119815106QBRQ0,195/80R15 BRUTE TT,494.0
1/5/2026,1325119815106QBRQ0,195/80R15 BRUTE TT,494.0
1/28/2026,1325221417100HURL1,215/60R17_UX ROYALE _100H XL TL_DOM REPL,494.0
1/21/2026,1D25212812074FXC10,120/80R12_ULTIMA XPC1_74_F_TL,492.0
1/18/2026,1D25212812074FXC10,120/80R12_ULTIMA XPC1_74_F_TL,492.0
1/21/2026,1325213615099MSXT0,135/70R15 STAR XT_99M TL,492.0
1/30/2026,1325220416092VURL0,205/60 R16_UX ROYALE_92_V_TL,492.0
1/30/2026,1325217514082TTMX0,175/65 R14_TAXIMAX_82_T_TL,492.0
1/22/2026,1D25212812074FXC10,120/80R12_ULTIMA XPC1_74_F_TL,490.0
1/19/2026,1D25212812074FXC10,120/80R12_ULTIMA XPC1_74_F_TL,490.0
1/1/2026,1325119815106QBRQ0,195/80R15 BRUTE TT,490.0
1/16/2026,1325219316087VURL0,195/55 R16_UX ROYALE_87_V_TL,488.0
1/9/2026,1D25215013008SXC11,155R13_ULTIMA XPC1_8PR_S _TL_MSIL,486.0
1/14/2026,1D25215013008SXC11,155R13_ULTIMA XPC1_8PR_S _TL_MSIL,486.0
1/4/2026,1325119815106QBRQ0,195/80R15 BRUTE TT,486.0
1/8/2026,1325221715100SRHT0,215/75 R 15_RANGER H/T _100_S_TL,485.0
1/30/2026,1D25215013008SXC11,155R13_ULTIMA XPC1_8PR_S _TL_MSIL,484.0
1/21/2026,1325216614081STMX0,165/70R14_ TAXIMAX _81 S TL,484.0
1/23/2026,1D25212812074FXC10,120/80R12_ULTIMA XPC1_74_F_TL,483.0
1/27/2026,1425118916008QRBT0,185/85R16 RANGER BRT_TT,483.0
1/5/2026,1225223516121PSKP0,235/65R16_STEELKING+_TL,482.0
1/18/2026,1325221417100HURL1,215/60R17_UX ROYALE _100H XL TL_DOM REPL,480.0
1/18/2026,1D25215013008SXC11,155R13_ULTIMA XPC1_8PR_S _TL_MSIL,480.0
1/10/2026,1D25215013008SXC11,155R13_ULTIMA XPC1_8PR_S _TL_MSIL,480.0
1/15/2026,1D25215013008SXC11,155R13_ULTIMA XPC1_8PR_S _TL_MSIL,480.0
1/1/2026,1D25215013008SXC11,155R13_ULTIMA XPC1_8PR_S _TL_MSIL,478.0
1/26/2026,1425118916008QRBT0,185/85R16 RANGER BRT_TT,478.0
1/1/2026,1325220515094VTMX0,205/65R15_TAXIMAX_94 V_TL,478.0
1/11/2026,1225221715115SSTL0,215/75R15_STEELKING_S_TL,478.0
1/27/2026,1225221715115SSTL0,215/75R15_STEELKING_S_TL,476.0
1/28/2026,1325216614081STMX0,165/70R14_ TAXIMAX _81 S TL,476.0
1/24/2026,1325217514082HVECL,175/65R14_VECTRA_82 H_ EXPORT,476.0
1/12/2026,1D25215013008SXC11,155R13_ULTIMA XPC1_8PR_S _TL_MSIL,476.0
1/3/2026,1D25215013008SXC11,155R13_ULTIMA XPC1_8PR_S _TL_MSIL,476.0
1/18/2026,1225221715115SSTL0,215/75R15_STEELKING_S_TL,475.0
1/3/2026,1225221715115SSTL0,215/75R15_STEELKING_S_TL,474.0
1/10/2026,1325219416089HRHE0,195/60R16_RANGER HPE_89H TL_TML,474.0
1/19/2026,1225221715115SSTL0,215/75R15_STEELKING_S_TL,474.0
1/24/2026,1425118916008QRBT0,185/85R16 RANGER BRT_TT,473.0
1/4/2026,1225221715115SSTL0,215/75R15_STEELKING_S_TL,472.0
1/7/2026,1D25215013008SXC11,155R13_ULTIMA XPC1_8PR_S _TL_MSIL,472.0
1/16/2026,1325217514082TTMX0,175/65 R14_TAXIMAX_82_T_TL,472.0
1/26/2026,1D25215013008SXC11,155R13_ULTIMA XPC1_8PR_S _TL_MSIL,470.0
1/10/2026,1325219316087VURL0,195/55 R16_UX ROYALE_87_V_TL,470.0
1/21/2026,1325219416089HRHE0,195/60R16_RANGER HPE_89H TL_TML,470.0
1/7/2026,1325216614081STMX0,165/70R14_ TAXIMAX _81 S TL,470.0
1/4/2026,1D25215013008SXC11,155R13_ULTIMA XPC1_8PR_S _TL_MSIL,470.0
1/11/2026,1325221417100HURL1,215/60R17_UX ROYALE _100H XL TL_DOM REPL,469.0
1/24/2026,1D25212812086FXPC0,120/80R12_ULTIMA XPC_86F_TL,468.0
1/7/2026,1325219416089HRHE0,195/60R16_RANGER HPE_89H TL_TML,466.0
1/19/2026,1D25212812086FXPC0,120/80R12_ULTIMA XPC_86F_TL,466.0
1/17/2026,1225221715115SSTL0,215/75R15_STEELKING_S_TL,464.0
1/26/2026,1325220416092VURL0,205/60 R16_UX ROYALE_92_V_TL,464.0
1/9/2026,1225221715115SSTL0,215/75R15_STEELKING_S_TL,462.0
1/20/2026,1D25212812086FXPC0,120/80R12_ULTIMA XPC_86F_TL,462.0
1/24/2026,1325213615099MSXT0,135/70R15 STAR XT_99M TL,462.0
1/25/2026,1425118916008QRBT0,185/85R16 RANGER BRT_TT,462.0
1/10/2026,1225221715115SSTL0,215/75R15_STEELKING_S_TL,460.0
1/10/2026,1225223516121PSKP0,235/65R16_STEELKING+_TL,460.0
1/24/2026,1325221417100HURL1,215/60R17_UX ROYALE _100H XL TL_DOM REPL,459.0
1/3/2026,1325220515094VUTR0,205/65R15_UX TOURING_94V TL,458.0
1/17/2026,1325219316087VURL0,195/55 R16_UX ROYALE_87_V_TL,458.0
1/23/2026,1D25212812086FXPC0,120/80R12_ULTIMA XPC_86F_TL,458.0
1/22/2026,1D25212812086FXPC0,120/80R12_ULTIMA XPC_86F_TL,458.0
1/10/2026,1325119815106QBRQ0,195/80R15 BRUTE TT,458.0
1/21/2026,1325221715100SRHT0,215/75 R 15_RANGER H/T _100_S_TL,457.0
1/12/2026,1225223516121PSKP0,235/65R16_STEELKING+_TL,457.0
1/19/2026,1325221715100SRHT0,215/75 R 15_RANGER H/T _100_S_TL,456.0
1/20/2026,1325216814085TURL0,165/80R14_UX ROYALE_85T_MSIL_4Rib_TL,456.0
1/8/2026,1325119815106QBRQ0,195/80R15 BRUTE TT,454.0
1/2/2026,1325216814085TURL0,165/80R14_UX ROYALE_85T_MSIL_4Rib_TL,454.0
1/7/2026,1225221715115SSTL0,215/75R15_STEELKING_S_TL,454.0
1/6/2026,1325119815106QBRQ0,195/80R15 BRUTE TT,452.0
1/11/2026,1D25215013008SXC11,155R13_ULTIMA XPC1_8PR_S _TL_MSIL,452.0
1/22/2026,1D25215013008SXC11,155R13_ULTIMA XPC1_8PR_S _TL_MSIL,452.0
1/3/2026,1325221715100SRHT0,215/75 R 15_RANGER H/T _100_S_TL,452.0
1/6/2026,1225221715115SSTL0,215/75R15_STEELKING_S_TL,452.0
1/24/2026,1325216814085TURL0,165/80R14_UX ROYALE_85T_MSIL_4Rib_TL,450.0
1/1/2026,1325218515088HUTR0,185/65R15_UX TOURING_88H TL,450.0
1/8/2026,1D25215013008SXC11,155R13_ULTIMA XPC1_8PR_S _TL_MSIL,450.0
1/5/2026,1225221715115SSTL0,215/75R15_STEELKING_S_TL,450.0
1/18/2026,1D25212812086FXPC0,120/80R12_ULTIMA XPC_86F_TL,449.0
1/15/2026,1325119815106QBRQ0,195/80R15 BRUTE TT,448.0
1/4/2026,1325220515094VUTR0,205/65R15_UX TOURING_94V TL,448.0
1/18/2026,1325216814085TURL0,165/80R14_UX ROYALE_85T_MSIL_4Rib_TL,445.0
1/15/2026,1325221417100HURL1,215/60R17_UX ROYALE _100H XL TL_DOM REPL,444.0
1/26/2026,1325216814085TURL0,165/80R14_UX ROYALE_85T_MSIL_4Rib_TL,444.0
1/15/2026,1225221715115SSTL0,215/75R15_STEELKING_S_TL,444.0
1/30/2026,1425118916008QRBT0,185/85R16 RANGER BRT_TT,444.0
1/25/2026,1325216814085TURL0,165/80R14_UX ROYALE_85T_MSIL_4Rib_TL,442.0
1/20/2026,1325221417100HURL1,215/60R17_UX ROYALE _100H XL TL_DOM REPL,442.0
1/14/2026,1225221715115SSTL0,215/75R15_STEELKING_S_TL,442.0
1/27/2026,1D25215013008SXC11,155R13_ULTIMA XPC1_8PR_S _TL_MSIL,442.0
1/13/2026,1325114812074TUHL0,145/80R12 ULTIMA HI^LIFE_TT,441.0
1/4/2026,1325221416095VURL0,215/60 R 16 _UX ROYALE_95_V_TL,441.0
1/27/2026,1325216614081STMX0,165/70R14_ TAXIMAX _81 S TL,440.0
1/4/2026,1325221417100HURL1,215/60R17_UX ROYALE _100H XL TL_DOM REPL,438.0
1/8/2026,1325216614081STMX0,165/70R14_ TAXIMAX _81 S TL,438.0
1/8/2026,1325216814085TURL0,165/80R14_UX ROYALE_85T_MSIL_4Rib_TL,438.0
1/2/2026,1D25215013008SXC11,155R13_ULTIMA XPC1_8PR_S _TL_MSIL,438.0
1/7/2026,1325119815106QBRQ0,195/80R15 BRUTE TT,438.0
1/26/2026,1D25215Z13008QXPC0,155R13_ULTIMA XPC_8PR_Q_TL,436.0
1/2/2026,1325218515088HUTR0,185/65R15_UX TOURING_88H TL,436.0
1/15/2026,1325216814085TURL0,165/80R14_UX ROYALE_85T_MSIL_4Rib_TL,436.0
1/6/2026,1325221417100HURL1,215/60R17_UX ROYALE _100H XL TL_DOM REPL,436.0
1/28/2026,1325216814085TURL0,165/80R14_UX ROYALE_85T_MSIL_4Rib_TL,436.0
1/16/2026,1225221715115SSTL0,215/75R15_STEELKING_S_TL,433.0
1/25/2026,1D25215013008SXC11,155R13_ULTIMA XPC1_8PR_S _TL_MSIL,433.0
1/25/2026,1D25212812086FXPC0,120/80R12_ULTIMA XPC_86F_TL,432.0
1/16/2026,1325219416089HRHE0,195/60R16_RANGER HPE_89H TL_TML,432.0
1/6/2026,1325216614081STMX0,165/70R14_ TAXIMAX _81 S TL,432.0
1/23/2026,1325221417100HURL1,215/60R17_UX ROYALE _100H XL TL_DOM REPL,431.0
1/12/2026,1225221715115SSTL0,215/75R15_STEELKING_S_TL,430.0
1/2/2026,1225221715115SSTL0,215/75R15_STEELKING_S_TL,430.0
1/14/2026,1D25215Z13008QXPC0,155R13_ULTIMA XPC_8PR_Q_TL,430.0
1/27/2026,1D25212812086FXPC0,120/80R12_ULTIMA XPC_86F_TL,430.0
1/19/2026,1325216814085TURL0,165/80R14_UX ROYALE_85T_MSIL_4Rib_TL,428.0
1/19/2026,1D25215Z13008QXPC0,155R13_ULTIMA XPC_8PR_Q_TL,428.0
1/14/2026,1325215813079STMX0,155/80 R13_TAXIMAX_79 S TL,427.0
1/19/2026,1225223516121PSKP0,235/65R16_STEELKING+_TL,426.0
1/27/2026,1325216814085TURL0,165/80R14_UX ROYALE_85T_MSIL_4Rib_TL,426.0
1/25/2026,1D25212812074FXC10,120/80R12_ULTIMA XPC1_74_F_TL,426.0
1/16/2026,1325217514082HVECL,175/65R14_VECTRA_82 H_ EXPORT,426.0
1/3/2026,1225223516121PSKP0,235/65R16_STEELKING+_TL,426.0
1/28/2026,1D25215013008SXC11,155R13_ULTIMA XPC1_8PR_S _TL_MSIL,426.0
1/22/2026,1325221715100SRHT0,215/75 R 15_RANGER H/T _100_S_TL,426.0
1/17/2026,1325213615099MSXT0,135/70R15 STAR XT_99M TL,425.0
1/18/2026,1225223516121PSKP0,235/65R16_STEELKING+_TL,425.0
1/30/2026,1325218515088HUTR0,185/65R15_UX TOURING_88H TL,424.0
1/2/2026,1325221417100HURL1,215/60R17_UX ROYALE _100H XL TL_DOM REPL,424.0
1/16/2026,1225223516121PSKP0,235/65R16_STEELKING+_TL,424.0
1/9/2026,1325219416089HRHE0,195/60R16_RANGER HPE_89H TL_TML,424.0
1/8/2026,1325219416089HRHE0,195/60R16_RANGER HPE_89H TL_TML,424.0
1/24/2026,1D25212812074FXC10,120/80R12_ULTIMA XPC1_74_F_TL,420.0
1/2/2026,1325220516095HTMX0,205/65R16_TAXIMAX_95 H TL,420.0
1/20/2026,1225223516121PSKP0,235/65R16_STEELKING+_TL,419.0
1/16/2026,1325216814085TURL0,165/80R14_UX ROYALE_85T_MSIL_4Rib_TL,418.0
1/12/2026,1325221715100SRHT0,215/75 R 15_RANGER H/T _100_S_TL,417.0
1/21/2026,1225223516121PSKP0,235/65R16_STEELKING+_TL,416.0
1/29/2026,1D25215013008SXC11,155R13_ULTIMA XPC1_8PR_S _TL_MSIL,416.0
1/19/2026,1325219416089HRHE0,195/60R16_RANGER HPE_89H TL_TML,416.0
1/22/2026,1325221417100HURL1,215/60R17_UX ROYALE _100H XL TL_DOM REPL,415.0
1/7/2026,1325221417100HURL1,215/60R17_UX ROYALE _100H XL TL_DOM REPL,414.0
1/28/2026,1D25212812086FXPC0,120/80R12_ULTIMA XPC_86F_TL,414.0
1/15/2026,1225223516121PSKP0,235/65R16_STEELKING+_TL,414.0
1/1/2026,1325216614081STMX0,165/70R14_ TAXIMAX _81 S TL,414.0
1/5/2026,1325221417100HURL1,215/60R17_UX ROYALE _100H XL TL_DOM REPL,413.0
1/30/2026,1325221417100HURL1,215/60R17_UX ROYALE _100H XL TL_DOM REPL,412.0
1/13/2026,1325216614081STMX0,165/70R14_ TAXIMAX _81 S TL,412.0
1/17/2026,1225223516121PSKP0,235/65R16_STEELKING+_TL,411.0
1/25/2026,1325220416092VURL0,205/60 R16_UX ROYALE_92_V_TL,410.0
1/29/2026,1D25215Z13008QXPC0,155R13_ULTIMA XPC_8PR_Q_TL,410.0
1/14/2026,1325216814085TURL0,165/80R14_UX ROYALE_85T_MSIL_4Rib_TL,409.0
1/14/2026,1325119815106QBRQ0,195/80R15 BRUTE TT,408.0
1/1/2026,1325220516095HTMX0,205/65R16_TAXIMAX_95 H TL,408.0
1/11/2026,1325119815106QBRQ0,195/80R15 BRUTE TT,406.0
1/24/2026,1D25215Z13008QXPC0,155R13_ULTIMA XPC_8PR_Q_TL,404.0
1/1/2026,1325216614081SUTR0,165/70R14_ UX TOURING _81 S TL,404.0
1/22/2026,1325216614081STMX0,165/70R14_ TAXIMAX _81 S TL,404.0
1/21/2026,1325215613075TUHL0,155/70R13_ULTIMA HI^LIFE_75T TL,404.0
1/13/2026,1325221416095VURL0,215/60 R 16 _UX ROYALE_95_V_TL,403.0
1/5/2026,1325219416089HRHE0,195/60R16_RANGER HPE_89H TL_TML,402.0
1/22/2026,1325217514082HVECL,175/65R14_VECTRA_82 H_ EXPORT,402.0
1/16/2026,1325213615099MSXT0,135/70R15 STAR XT_99M TL,401.0
1/21/2026,1325216814085TURL0,165/80R14_UX ROYALE_85T_MSIL_4Rib_TL,400.0
1/5/2026,1325216614081SUTR0,165/70R14_ UX TOURING _81 S TL,400.0
1/25/2026,1325217614084HURL2,175/70 R14 _UXROYALE_84H_4Rib _TL,400.0
1/27/2026,1325220416092VURL0,205/60 R16_UX ROYALE_92_V_TL,400.0
1/20/2026,1D25215Z13008QXPC0,155R13_ULTIMA XPC_8PR_Q_TL,399.0
1/9/2026,1325218514086HURL0,185/65R14_UX ROYALE_86 H  TL,398.0
1/13/2026,1325221715100SRHT0,215/75 R 15_RANGER H/T _100_S_TL,398.0
1/22/2026,1325216814085TURL0,165/80R14_UX ROYALE_85T_MSIL_4Rib_TL,398.0
1/21/2026,1D25212812086FXPC0,120/80R12_ULTIMA XPC_86F_TL,398.0
1/28/2026,1325217514082HVECL,175/65R14_VECTRA_82 H_ EXPORT,398.0
1/17/2026,1325216814085TURL0,165/80R14_UX ROYALE_85T_MSIL_4Rib_TL,398.0
1/2/2026,1325214612069TUHL0,145/70R12 ULTIMA HI^LIFE _69 T_TL,397.0
1/12/2026,1325214613071TTMX0,145/70R13_TAXIMAX_71T TL,394.0
1/10/2026,1325221417100HURL1,215/60R17_UX ROYALE _100H XL TL_DOM REPL,393.0
1/4/2026,1325216614081SUTR0,165/70R14_ UX TOURING _81 S TL,392.0
1/15/2026,1325219416089HRHE0,195/60R16_RANGER HPE_89H TL_TML,392.0
1/26/2026,1225221715115SSTL0,215/75R15_STEELKING_S_TL,392.0
1/24/2026,1325217614084HURL2,175/70 R14 _UXROYALE_84H_4Rib _TL,392.0
1/1/2026,1325217415081HUTR0,175/60R15_UX TOURING_81H TL,390.0
1/9/2026,1325214613071TTMX0,145/70R13_TAXIMAX_71T TL,388.0
1/14/2026,1325221417100HURL1,215/60R17_UX ROYALE _100H XL TL_DOM REPL,388.0
1/10/2026,1325217613082TUNE0,175/70R13 ULTIMA NEO 82T TL,388.0
1/29/2026,1D25212812086FXPC0,120/80R12_ULTIMA XPC_86F_TL,388.0
1/26/2026,1325217614084HURL2,175/70 R14 _UXROYALE_84H_4Rib _TL,386.0
1/20/2026,1325218614088TVECE,185/70R14_ VECTRA _88 T TL_BRAZIL EXPORT,386.0
1/7/2026,1325216614081SUTR0,165/70R14_ UX TOURING _81 S TL,386.0
1/12/2026,1325217614084HURL2,175/70 R14 _UXROYALE_84H_4Rib _TL,386.0
1/19/2026,1325215613075TUHL0,155/70R13_ULTIMA HI^LIFE_75T TL,386.0
1/11/2026,1325214613071TTMX0,145/70R13_TAXIMAX_71T TL,384.0
1/20/2026,1D25215013008SXC11,155R13_ULTIMA XPC1_8PR_S _TL_MSIL,384.0
1/27/2026,1325217614084HURL2,175/70 R14 _UXROYALE_84H_4Rib _TL,383.0
1/11/2026,1225223516121PSKP0,235/65R16_STEELKING+_TL,382.0
1/3/2026,1325216814085SUTR0,165/80R14_UX TOURING_85S TL,382.0
1/13/2026,1325219316087VURL0,195/55 R16_UX ROYALE_87_V_TL,382.0
1/23/2026,1325219416089HRHE0,195/60R16_RANGER HPE_89H TL_TML,381.0
1/28/2026,1325217614084HURL2,175/70 R14 _UXROYALE_84H_4Rib _TL,380.0
1/9/2026,1325217613082TUNE0,175/70R13 ULTIMA NEO 82T TL,380.0
1/6/2026,1325220515094VUTR0,205/65R15_UX TOURING_94V TL,380.0
1/6/2026,1D25215013008SXC11,155R13_ULTIMA XPC1_8PR_S _TL_MSIL,380.0
1/21/2026,1325218614088TVECE,185/70R14_ VECTRA _88 T TL_BRAZIL EXPORT,380.0
1/5/2026,1325217613082TUNE0,175/70R13 ULTIMA NEO 82T TL,380.0
1/30/2026,1325217614084HURL2,175/70 R14 _UXROYALE_84H_4Rib _TL,380.0
1/11/2026,1325220515094VUTR0,205/65R15_UX TOURING_94V TL,380.0
1/3/2026,1325218515088HUTR0,185/65R15_UX TOURING_88H TL,378.0
1/10/2026,1325218514086HURL0,185/65R14_UX ROYALE_86 H  TL,378.0
1/30/2026,1325216814085SUTR0,165/80R14_UX TOURING_85S TL,378.0
1/30/2026,1325215613075TTMX0,155/70R13_TAXIMAX_75 T_TL,378.0
1/29/2026,1325215613075TTMX0,155/70R13_TAXIMAX_75 T_TL,378.0
1/23/2026,1D25215013008SXC11,155R13_ULTIMA XPC1_8PR_S _TL_MSIL,376.0
1/24/2026,1325213612065SULX1,135/70R12 Ultima LXT 65S TL FOR BAL,376.0
1/21/2026,1325217614084HURL2,175/70 R14 _UXROYALE_84H_4Rib _TL,376.0
1/17/2026,1325215813079SUHL0,155/80 R13_ULTIMA HI^LIFE_79 S TL,376.0
1/17/2026,1D25215Z13008QXPC0,155R13_ULTIMA XPC_8PR_Q_TL,376.0
1/2/2026,1325215813079SUHL0,155/80 R13_ULTIMA HI^LIFE_79 S TL,376.0
1/3/2026,1325216614081SUTR0,165/70R14_ UX TOURING _81 S TL,376.0
1/25/2026,1325220515094VUTR0,205/65R15_UX TOURING_94V TL,375.0
1/18/2026,1325218614088TVECE,185/70R14_ VECTRA _88 T TL_BRAZIL EXPORT,374.0
1/18/2026,1325217614084HURL2,175/70 R14 _UXROYALE_84H_4Rib _TL,374.0
1/4/2026,1325217613082TUNE0,175/70R13 ULTIMA NEO 82T TL,374.0
1/20/2026,1D25212812074FXC10,120/80R12_ULTIMA XPC1_74_F_TL,374.0
1/3/2026,1325221417100HURL1,215/60R17_UX ROYALE _100H XL TL_DOM REPL,374.0
1/5/2026,1325218515088TURL0,185/65R15_88T_UX ROYALE_ TL,374.0
1/14/2026,1325217514082HVECL,175/65R14_VECTRA_82 H_ EXPORT,374.0
1/2/2026,1325217415081HUTR0,175/60R15_UX TOURING_81H TL,374.0
1/23/2026,1325220515094VUTR0,205/65R15_UX TOURING_94V TL,374.0
1/29/2026,1325217614084HURL2,175/70 R14 _UXROYALE_84H_4Rib _TL,374.0
1/17/2026,1325218614088TVECE,185/70R14_ VECTRA _88 T TL_BRAZIL EXPORT,374.0
1/10/2026,1325218614088TVECE,185/70R14_ VECTRA _88 T TL_BRAZIL EXPORT,374.0
1/21/2026,1D25215Z13008QXPC0,155R13_ULTIMA XPC_8PR_Q_TL,372.0
1/21/2026,1D25215013008SXC11,155R13_ULTIMA XPC1_8PR_S _TL_MSIL,372.0
1/15/2026,1D25215Z13008QXPC0,155R13_ULTIMA XPC_8PR_Q_TL,372.0
1/26/2026,1D25212812086FXPC0,120/80R12_ULTIMA XPC_86F_TL,372.0
1/3/2026,1325218515088TURL0,185/65R15_88T_UX ROYALE_ TL,371.0
1/27/2026,1325216814085SUTR0,165/80R14_UX TOURING_85S TL,370.0
1/29/2026,1325220515094VUTR0,205/65R15_UX TOURING_94V TL,370.0
1/28/2026,1325215813079SUHL0,155/80 R13_ULTIMA HI^LIFE_79 S TL,370.0
1/27/2026,1325215613075TUHL0,155/70R13_ULTIMA HI^LIFE_75T TL,370.0
1/1/2026,1325216814085SUTR0,165/80R14_UX TOURING_85S TL,368.0
1/2/2026,1325220515094VUTR0,205/65R15_UX TOURING_94V TL,368.0
1/20/2026,1325215613075TTMX0,155/70R13_TAXIMAX_75 T_TL,368.0
1/12/2026,1325220515094VUTR0,205/65R15_UX TOURING_94V TL,366.0
1/27/2026,1325220515094VUTR0,205/65R15_UX TOURING_94V TL,366.0
1/5/2026,1325216814085SUTR0,165/80R14_UX TOURING_85S TL,366.0
1/29/2026,1325213612065SULX1,135/70R12 Ultima LXT 65S TL FOR BAL,366.0
1/28/2026,1325216814085SUTR0,165/80R14_UX TOURING_85S TL,366.0
1/7/2026,1325218514086HURL0,185/65R14_UX ROYALE_86 H  TL,365.0
1/20/2026,1325219416089HRHE0,195/60R16_RANGER HPE_89H TL_TML,365.0
1/4/2026,1325216814085SUTR0,165/80R14_UX TOURING_85S TL,364.0
1/29/2026,1425118916008QRBT0,185/85R16 RANGER BRT_TT,364.0
1/17/2026,1325217514082HVECL,175/65R14_VECTRA_82 H_ EXPORT,364.0
1/22/2026,1325218614088TVECE,185/70R14_ VECTRA _88 T TL_BRAZIL EXPORT,364.0
1/5/2026,1325223715105SRXT0,235/75R15 _RANGER X-A/T_105 S_TL,363.0
1/20/2026,1325215813079SUHL0,155/80 R13_ULTIMA HI^LIFE_79 S TL,363.0
1/22/2026,1325215613075TTMX0,155/70R13_TAXIMAX_75 T_TL,362.0
1/8/2026,1325215813079SUHL0,155/80 R13_ULTIMA HI^LIFE_79 S TL,362.0
1/12/2026,1D25215Z13008QXPC0,155R13_ULTIMA XPC_8PR_Q_TL,362.0
1/18/2026,1325220515094VUTR0,205/65R15_UX TOURING_94V TL,362.0
1/19/2026,1325213612065SULX1,135/70R12 Ultima LXT 65S TL FOR BAL,362.0
1/18/2026,1325218515088HUTR0,185/65R15_UX TOURING_88H TL,360.0
1/17/2026,1325218515088HUTR0,185/65R15_UX TOURING_88H TL,360.0
1/10/2026,1325214613071TTMX0,145/70R13_TAXIMAX_71T TL,360.0
1/29/2026,1325215813079SUHL0,155/80 R13_ULTIMA HI^LIFE_79 S TL,360.0
1/17/2026,1325220515094VUTR0,205/65R15_UX TOURING_94V TL,360.0
1/11/2026,1325216614081SUTR0,165/70R14_ UX TOURING _81 S TL,360.0
1/19/2026,1325217614084HURL2,175/70 R14 _UXROYALE_84H_4Rib _TL,360.0
1/28/2026,1325218515088HUTR0,185/65R15_UX TOURING_88H TL,360.0
1/23/2026,1325218614088TVECE,185/70R14_ VECTRA _88 T TL_BRAZIL EXPORT,359.0
1/16/2026,1D25215013008SXC11,155R13_ULTIMA XPC1_8PR_S _TL_MSIL,358.0
1/4/2026,1325215813079SUHL0,155/80 R13_ULTIMA HI^LIFE_79 S TL,358.0
1/28/2026,1325213612065SULX1,135/70R12 Ultima LXT 65S TL FOR BAL,358.0
1/6/2026,1325217613082TUNE0,175/70R13 ULTIMA NEO 82T TL,358.0
1/29/2026,1325215613075TUHL0,155/70R13_ULTIMA HI^LIFE_75T TL,356.0
1/12/2026,1325216614081SUTR0,165/70R14_ UX TOURING _81 S TL,356.0
1/23/2026,1425118916008QRBT0,185/85R16 RANGER BRT_TT,355.0
1/21/2026,1325218515088HUTR0,185/65R15_UX TOURING_88H TL,354.0
1/1/2026,1325221417100HURL1,215/60R17_UX ROYALE _100H XL TL_DOM REPL,354.0
1/7/2026,1325223517104HRHT0,235/65 R17_RANGER H/T _104_H_TL,354.0
1/19/2026,1D25215013008SXC11,155R13_ULTIMA XPC1_8PR_S _TL_MSIL,352.0
1/17/2026,1325217614084HURL2,175/70 R14 _UXROYALE_84H_4Rib _TL,352.0
1/7/2026,1325217613082TUNE0,175/70R13 ULTIMA NEO 82T TL,350.0
1/29/2026,1325218515088HUTR0,185/65R15_UX TOURING_88H TL,350.0
1/18/2026,1325213612065SULX1,135/70R12 Ultima LXT 65S TL FOR BAL,350.0
1/23/2026,1D25215Z13008QXPC0,155R13_ULTIMA XPC_8PR_Q_TL,350.0
1/8/2026,1325218515088TURL0,185/65R15_88T_UX ROYALE_ TL,350.0
1/7/2026,1325123715105SBRT0,235/75R15 BRUTE 4X4_105_S_TT,350.0
1/26/2026,1325218515088HUTR0,185/65R15_UX TOURING_88H TL,350.0
1/13/2026,1325217614084HURL2,175/70 R14 _UXROYALE_84H_4Rib _TL,350.0
1/4/2026,1325218515088TURL0,185/65R15_88T_UX ROYALE_ TL,350.0
1/1/2026,1225221715115SSTL0,215/75R15_STEELKING_S_TL,348.0
1/5/2026,1325215813079SUHL0,155/80 R13_ULTIMA HI^LIFE_79 S TL,348.0
1/17/2026,1225121715115SSTL0,215/75R15_STEELKING_S_TT,348.0
1/12/2026,1325215613075TUHL0,155/70R13_ULTIMA HI^LIFE_75T TL,348.0
1/26/2026,1325213612065SULX1,135/70R12 Ultima LXT 65S TL FOR BAL,348.0
1/20/2026,1325218515088HUTR0,185/65R15_UX TOURING_88H TL,348.0
1/17/2026,1D25212812086FXPC0,120/80R12_ULTIMA XPC_86F_TL,348.0
1/23/2026,1325216814085TURL0,165/80R14_UX ROYALE_85T_MSIL_4Rib_TL,347.0
1/11/2026,1325218614088TVECE,185/70R14_ VECTRA _88 T TL_BRAZIL EXPORT,347.0
1/25/2026,1325215813079SUHL0,155/80 R13_ULTIMA HI^LIFE_79 S TL,346.0
1/14/2026,1225223516121PSKP0,235/65R16_STEELKING+_TL,346.0
1/26/2026,1325220516095HUTR0,205/65R16_UX TOURING_95H TL,346.0
1/26/2026,1325220515094VUTR0,205/65R15_UX TOURING_94V TL,346.0
1/8/2026,1325219316087VUTR0,195/55 R16 UX TOURING_87_V_TL,345.0
1/3/2026,1325223715105SRXT0,235/75R15 _RANGER X-A/T_105 S_TL,344.0
1/6/2026,1325219316087VUTR0,195/55 R16 UX TOURING_87_V_TL,344.0
1/10/2026,1325220515094VUTR0,205/65R15_UX TOURING_94V TL,344.0
1/22/2026,1325219316087VUTR0,195/55 R16 UX TOURING_87_V_TL,344.0
1/30/2026,1325220516095HUTR0,205/65R16_UX TOURING_95H TL,344.0
1/12/2026,1325218614088TVECE,185/70R14_ VECTRA _88 T TL_BRAZIL EXPORT,343.0
1/16/2026,1325218614088TVECE,185/70R14_ VECTRA _88 T TL_BRAZIL EXPORT,342.0
1/1/2026,1325218515088TURL0,185/65R15_88T_UX ROYALE_ TL,342.0
1/24/2026,1D25215013008SXC11,155R13_ULTIMA XPC1_8PR_S _TL_MSIL,342.0
1/28/2026,1325219316087VUTR0,195/55 R16 UX TOURING_87_V_TL,342.0
1/10/2026,1325218515088TURL0,185/65R15_88T_UX ROYALE_ TL,342.0
1/24/2026,1325215813079SUHL0,155/80 R13_ULTIMA HI^LIFE_79 S TL,342.0
1/3/2026,1325219316087VUTR0,195/55 R16 UX TOURING_87_V_TL,342.0
1/11/2026,1325215813079SUHL0,155/80 R13_ULTIMA HI^LIFE_79 S TL,342.0
1/5/2026,1325223517104HRHT0,235/65 R17_RANGER H/T _104_H_TL,342.0
1/8/2026,1325217613082TUNE0,175/70R13 ULTIMA NEO 82T TL,340.0
1/1/2026,1225223516121PSKP0,235/65R16_STEELKING+_TL,340.0
1/9/2026,1325216614081SUTR0,165/70R14_ UX TOURING _81 S TL,340.0
1/27/2026,1325217413077TUSP0,175/60R13_ULTIMA SPORT_77_T_TL,340.0
1/29/2026,1325220516095HUTR0,205/65R16_UX TOURING_95H TL,339.0
1/27/2026,1325220516095HUTR0,205/65R16_UX TOURING_95H TL,338.0
1/22/2026,1325217614084HURL2,175/70 R14 _UXROYALE_84H_4Rib _TL,338.0
1/22/2026,1225223516121PSKP0,235/65R16_STEELKING+_TL,338.0
1/20/2026,1325215613075TUHL0,155/70R13_ULTIMA HI^LIFE_75T TL,338.0
1/2/2026,1325216614081SUTR0,165/70R14_ UX TOURING _81 S TL,338.0
1/11/2026,1325219316087VUTR0,195/55 R16 UX TOURING_87_V_TL,337.0
1/30/2026,1325213612065SULX1,135/70R12 Ultima LXT 65S TL FOR BAL,336.0
1/20/2026,1325217614084HURL2,175/70 R14 _UXROYALE_84H_4Rib _TL,336.0
1/28/2026,1325220516095HUTR0,205/65R16_UX TOURING_95H TL,336.0
1/15/2026,1325218614088TVECE,185/70R14_ VECTRA _88 T TL_BRAZIL EXPORT,336.0
1/2/2026,1325218515088TURL0,185/65R15_88T_UX ROYALE_ TL,335.0
1/25/2026,1D25215Z13008QXPC0,155R13_ULTIMA XPC_8PR_Q_TL,334.0
1/20/2026,1325219316087VUTR0,195/55 R16 UX TOURING_87_V_TL,334.0
1/30/2026,1D25215Z13008QXPC0,155R13_ULTIMA XPC_8PR_Q_TL,334.0
1/16/2026,1D25215Z13008QXPC0,155R13_ULTIMA XPC_8PR_Q_TL,333.0
1/9/2026,1325219316087VUTR0,195/55 R16 UX TOURING_87_V_TL,332.0
1/7/2026,1325215813079SUHL0,155/80 R13_ULTIMA HI^LIFE_79 S TL,332.0
1/13/2026,1225223516121PSKP0,235/65R16_STEELKING+_TL,332.0
1/12/2026,1325219316087VUTR0,195/55 R16 UX TOURING_87_V_TL,332.0
1/11/2026,1325218514086HURL0,185/65R14_UX ROYALE_86 H  TL,332.0
1/14/2026,1325219316087VURL0,195/55 R16_UX ROYALE_87_V_TL,330.0
1/12/2026,1325219416089HRHE0,195/60R16_RANGER HPE_89H TL_TML,330.0
1/30/2026,1325219316087VUTR0,195/55 R16 UX TOURING_87_V_TL,330.0
1/25/2026,1325215613075TTMX0,155/70R13_TAXIMAX_75 T_TL,329.0
1/20/2026,1325213612065SULX1,135/70R12 Ultima LXT 65S TL FOR BAL,328.0
1/14/2026,1325218614088TVECE,185/70R14_ VECTRA _88 T TL_BRAZIL EXPORT,328.0
1/2/2026,1325223517104HRHT0,235/65 R17_RANGER H/T _104_H_TL,328.0
1/18/2026,1325215613075TUHL0,155/70R13_ULTIMA HI^LIFE_75T TL,328.0
1/1/2026,1325219316087VUTR0,195/55 R16 UX TOURING_87_V_TL,328.0
1/23/2026,1325215613075TTMX0,155/70R13_TAXIMAX_75 T_TL,326.0
1/30/2026,1D25212812074FXC10,120/80R12_ULTIMA XPC1_74_F_TL,326.0
1/5/2026,1D25215013008SXC11,155R13_ULTIMA XPC1_8PR_S _TL_MSIL,325.0
1/13/2026,1D25215013008SXC11,155R13_ULTIMA XPC1_8PR_S _TL_MSIL,324.0
1/27/2026,1D25215Z13008QXPC0,155R13_ULTIMA XPC_8PR_Q_TL,324.0
1/14/2026,1325219316087VUTR0,195/55 R16 UX TOURING_87_V_TL,324.0
1/8/2026,1225221715115SSTL0,215/75R15_STEELKING_S_TL,324.0
1/4/2026,1325219316087VUTR0,195/55 R16 UX TOURING_87_V_TL,324.0
1/11/2026,1325215613075TUHL0,155/70R13_ULTIMA HI^LIFE_75T TL,324.0
1/29/2026,1325216814085TURL0,165/80R14_UX ROYALE_85T_MSIL_4Rib_TL,322.0
1/16/2026,1425118916008QRBT0,185/85R16 RANGER BRT_TT,322.0
1/2/2026,1325216814085SUTR0,165/80R14_UX TOURING_85S TL,322.0
1/9/2026,1325218515088TURL0,185/65R15_88T_UX ROYALE_ TL,322.0
1/25/2026,1225223516121PSKP0,235/65R16_STEELKING+_TL,320.0
1/19/2026,1325217514082HVECL,175/65R14_VECTRA_82 H_ EXPORT,320.0
1/28/2026,1D25215Z13008QXPC0,155R13_ULTIMA XPC_8PR_Q_TL,320.0
1/16/2026,1D25212812086FXPC0,120/80R12_ULTIMA XPC_86F_TL,320.0
1/29/2026,1225223516121PSKP0,235/65R16_STEELKING+_TL,320.0
1/2/2026,1325223715105SRXT0,235/75R15 _RANGER X-A/T_105 S_TL,320.0
1/26/2026,1325215613075TUHL0,155/70R13_ULTIMA HI^LIFE_75T TL,319.0
1/19/2026,1425118916008QRBT0,185/85R16 RANGER BRT_TT,318.0
1/19/2026,1325220515094VUTR0,205/65R15_UX TOURING_94V TL,318.0
1/24/2026,1225223516121PSKP0,235/65R16_STEELKING+_TL,318.0
1/17/2026,1425118916008QRBT0,185/85R16 RANGER BRT_TT,318.0
1/12/2026,1325217514082HVECL,175/65R14_VECTRA_82 H_ EXPORT,318.0
1/19/2026,1225121715115SSTL0,215/75R15_STEELKING_S_TT,318.0
1/21/2026,1325215813079SUHL0,155/80 R13_ULTIMA HI^LIFE_79 S TL,318.0
1/25/2026,1325215613075TUHL0,155/70R13_ULTIMA HI^LIFE_75T TL,318.0
1/30/2026,1325217413077TUSP0,175/60R13_ULTIMA SPORT_77_T_TL,317.0
1/25/2026,1325219316087VUTR0,195/55 R16 UX TOURING_87_V_TL,316.0
1/5/2026,1325219316087VUTR0,195/55 R16 UX TOURING_87_V_TL,316.0
1/20/2026,1425118916008QRBT0,185/85R16 RANGER BRT_TT,316.0
1/3/2026,1325223517104HRHT0,235/65 R17_RANGER H/T _104_H_TL,316.0
1/6/2026,1325123715105SBRT0,235/75R15 BRUTE 4X4_105_S_TT,315.0
1/21/2026,1325217413077TUSP0,175/60R13_ULTIMA SPORT_77_T_TL,314.0
1/18/2026,1325223517104HRHT0,235/65 R17_RANGER H/T _104_H_TL,314.0
1/10/2026,1325216614081SUTR0,165/70R14_ UX TOURING _81 S TL,314.0
1/1/2026,1325215813079SUHL0,155/80 R13_ULTIMA HI^LIFE_79 S TL,314.0
1/22/2026,1325220515094VUTR0,205/65R15_UX TOURING_94V TL,314.0
1/6/2026,1325223517104HRHT0,235/65 R17_RANGER H/T _104_H_TL,314.0
1/5/2026,1325220515094VUTR0,205/65R15_UX TOURING_94V TL,314.0
1/28/2026,1325220515094VUTR0,205/65R15_UX TOURING_94V TL,312.0
1/29/2026,1325219316087VUTR0,195/55 R16 UX TOURING_87_V_TL,312.0
1/26/2026,1325215813079SUHL0,155/80 R13_ULTIMA HI^LIFE_79 S TL,312.0
1/30/2026,1325220515094VUTR0,205/65R15_UX TOURING_94V TL,312.0
1/7/2026,1325220515094VUTR0,205/65R15_UX TOURING_94V TL,312.0
1/26/2026,1325219316087VUTR0,195/55 R16 UX TOURING_87_V_TL,310.0
1/27/2026,1D25212812074FXC10,120/80R12_ULTIMA XPC1_74_F_TL,310.0
1/8/2026,1325223517104HRHT0,235/65 R17_RANGER H/T _104_H_TL,310.0
1/22/2026,1425118916008QRBT0,185/85R16 RANGER BRT_TT,310.0
1/11/2026,1325218515088TURL0,185/65R15_88T_UX ROYALE_ TL,310.0
1/26/2026,1325216614081TVECE,165/70R14_VECTRA_81 T TL_EXPORT,308.0
1/21/2026,1325220516095HUTR0,205/65R16_UX TOURING_95H TL,308.0
1/17/2026,1325119015008SRBT0,195/80R15 RANGER BRT TT,308.0
1/6/2026,1325215813079SUHL0,155/80 R13_ULTIMA HI^LIFE_79 S TL,308.0
1/23/2026,1325219515091VURL0,195/65 R15_UX ROYALE_91_V_TL,306.0
1/30/2026,1325215813079SUHL0,155/80 R13_ULTIMA HI^LIFE_79 S TL,306.0
1/16/2026,1325219316087VUTR0,195/55 R16 UX TOURING_87_V_TL,306.0
1/15/2026,1325217514082HVECL,175/65R14_VECTRA_82 H_ EXPORT,304.0
1/13/2026,1325219416089HRHE0,195/60R16_RANGER HPE_89H TL_TML,304.0
1/1/2026,1325223517104HRHT0,235/65 R17_RANGER H/T _104_H_TL,304.0
1/26/2026,1225223516121PSKP0,235/65R16_STEELKING+_TL,304.0
1/7/2026,1325223715105SRXT0,235/75R15 _RANGER X-A/T_105 S_TL,302.0
1/16/2026,1325215813079STMX0,155/80 R13_TAXIMAX_79 S TL,302.0
1/24/2026,1325215613075TTMX0,155/70R13_TAXIMAX_75 T_TL,302.0
1/10/2026,1325215813079SUHL0,155/80 R13_ULTIMA HI^LIFE_79 S TL,302.0
1/17/2026,1325213612065SULX1,135/70R12 Ultima LXT 65S TL FOR BAL,302.0
1/2/2026,1325217613082TUNE0,175/70R13 ULTIMA NEO 82T TL,302.0
1/22/2026,1325215813079SUHL0,155/80 R13_ULTIMA HI^LIFE_79 S TL,302.0
1/27/2026,1325216614081TVECE,165/70R14_VECTRA_81 T TL_EXPORT,302.0
1/1/2026,1325223715105SRXT0,235/75R15 _RANGER X-A/T_105 S_TL,302.0
1/9/2026,1325220515094VUTR0,205/65R15_UX TOURING_94V TL,300.0
1/4/2026,1325219416089HRHE0,195/60R16_RANGER HPE_89H TL_TML,300.0
1/8/2026,1325119015008SRBT0,195/80R15 RANGER BRT TT,300.0
1/15/2026,1325119015008SRBT0,195/80R15 RANGER BRT TT,300.0
1/3/2026,1325119015008SRBT0,195/80R15 RANGER BRT TT,300.0
1/6/2026,1325218515088TURL0,185/65R15_88T_UX ROYALE_ TL,298.0
1/20/2026,1325220515094VUTR0,205/65R15_UX TOURING_94V TL,298.0
1/7/2026,1325218515088TURL0,185/65R15_88T_UX ROYALE_ TL,298.0
1/4/2026,1325215613075TUHL0,155/70R13_ULTIMA HI^LIFE_75T TL,298.0
1/29/2026,1325216814085SUTR0,165/80R14_UX TOURING_85S TL,298.0
1/19/2026,1325218614088TVECE,185/70R14_ VECTRA _88 T TL_BRAZIL EXPORT,298.0
1/13/2026,1325217514082HVECL,175/65R14_VECTRA_82 H_ EXPORT,298.0
1/12/2026,1325119815106QBRQ0,195/80R15 BRUTE TT,298.0
1/26/2026,1325216814085SUTR0,165/80R14_UX TOURING_85S TL,296.0
1/22/2026,1D25215Z13008QXPC0,155R13_ULTIMA XPC_8PR_Q_TL,296.0
1/23/2026,1325219316087VUTR0,195/55 R16 UX TOURING_87_V_TL,296.0
1/14/2026,1325216614081SUTR0,165/70R14_ UX TOURING _81 S TL,295.0
1/24/2026,1325220515094VUTR0,205/65R15_UX TOURING_94V TL,294.0
1/10/2026,1325119015008SRBT0,195/80R15 RANGER BRT TT,294.0
1/16/2026,1225121715115SSTL0,215/75R15_STEELKING_S_TT,294.0
1/30/2026,1225221716010SXC10,215/75R16C_ULTIMA XPC1 _ TL_PLT_ TML,294.0
1/7/2026,1325215613075TUHL0,155/70R13_ULTIMA HI^LIFE_75T TL,294.0
1/28/2026,1D25212812074FXC10,120/80R12_ULTIMA XPC1_74_F_TL,294.0
1/17/2026,1325215613075TTMX0,155/70R13_TAXIMAX_75 T_TL,293.0
1/21/2026,1225121715115SSTL0,215/75R15_STEELKING_S_TT,292.0
1/24/2026,1325221715100SRXT0,215/75R15 _RANGER X-A/T_100 S_TL,292.0
1/21/2026,1425118916008QRBT0,185/85R16 RANGER BRT_TT,292.0
1/15/2026,1325220515094VUTR0,205/65R15_UX TOURING_94V TL,292.0
1/12/2026,1325218515088TURL0,185/65R15_88T_UX ROYALE_ TL,290.0
1/3/2026,1325215813079SUHL0,155/80 R13_ULTIMA HI^LIFE_79 S TL,290.0
1/30/2026,1325121715115SLTB0,215/75R15 BRUTE_10PR_L_TT,288.0
1/9/2026,1325223517104HRHT0,235/65 R17_RANGER H/T _104_H_TL,288.0
1/17/2026,1325219316087VUTR0,195/55 R16 UX TOURING_87_V_TL,288.0
1/11/2026,1325119015008SRBT0,195/80R15 RANGER BRT TT,288.0
1/22/2026,1325218515088HUTR0,185/65R15_UX TOURING_88H TL,288.0
1/16/2026,1325215813079SUHL0,155/80 R13_ULTIMA HI^LIFE_79 S TL,288.0
1/4/2026,1325223715105SRXT0,235/75R15 _RANGER X-A/T_105 S_TL,288.0
1/23/2026,1325218515088HUTR0,185/65R15_UX TOURING_88H TL,287.0
1/17/2026,1325215613075TUHL0,155/70R13_ULTIMA HI^LIFE_75T TL,286.0
1/25/2026,1325221715100SRXT0,215/75R15 _RANGER X-A/T_100 S_TL,286.0
1/1/2026,1325217613082TUNE0,175/70R13 ULTIMA NEO 82T TL,286.0
1/27/2026,1325213612065SULX1,135/70R12 Ultima LXT 65S TL FOR BAL,286.0
1/6/2026,1225121715115SSTL0,215/75R15_STEELKING_S_TT,284.0
1/18/2026,1325215613075TTMX0,155/70R13_TAXIMAX_75 T_TL,284.0
1/25/2026,1325216614081TVECE,165/70R14_VECTRA_81 T TL_EXPORT,284.0
1/3/2026,1225121715115SSTL0,215/75R15_STEELKING_S_TT,284.0
1/8/2026,1325220515094VUTR0,205/65R15_UX TOURING_94V TL,284.0
1/5/2026,1225121715115SSTL0,215/75R15_STEELKING_S_TT,284.0
1/19/2026,1325218515088HUTR0,185/65R15_UX TOURING_88H TL,284.0
1/13/2026,1225221715115SSTL0,215/75R15_STEELKING_S_TL,284.0
1/24/2026,1325218614088TVECE,185/70R14_ VECTRA _88 T TL_BRAZIL EXPORT,282.0
1/11/2026,1325217613082TUNE0,175/70R13 ULTIMA NEO 82T TL,282.0
1/4/2026,1325223517104HRHT0,235/65 R17_RANGER H/T _104_H_TL,282.0
1/9/2026,1325215613075TUHL0,155/70R13_ULTIMA HI^LIFE_75T TL,282.0
1/27/2026,1325219316087VUTR0,195/55 R16 UX TOURING_87_V_TL,282.0
1/8/2026,1225121715115SSTL0,215/75R15_STEELKING_S_TT,282.0
1/24/2026,1325218515088HUTR0,185/65R15_UX TOURING_88H TL,281.0
1/24/2026,1325217413077TUSP0,175/60R13_ULTIMA SPORT_77_T_TL,280.0
1/16/2026,1325220515094VUTR0,205/65R15_UX TOURING_94V TL,280.0
1/18/2026,1225121715115SSTL0,215/75R15_STEELKING_S_TT,279.0
1/26/2026,1325215613075TTMX0,155/70R13_TAXIMAX_75 T_TL,278.0
1/8/2026,1325123715105SBRT0,235/75R15 BRUTE 4X4_105_S_TT,278.0
1/20/2026,1325221715100SRXT0,215/75R15 _RANGER X-A/T_100 S_TL,278.0
1/24/2026,1225121715115SSTL0,215/75R15_STEELKING_S_TT,278.0
1/12/2026,1325219316087VURL0,195/55 R16_UX ROYALE_87_V_TL,278.0
1/24/2026,1325215613075TUHL0,155/70R13_ULTIMA HI^LIFE_75T TL,278.0
1/28/2026,1325215613075TTMX0,155/70R13_TAXIMAX_75 T_TL,278.0
1/15/2026,1425118916008QRBT0,185/85R16 RANGER BRT_TT,276.0
1/9/2026,1325218614088TVECE,185/70R14_ VECTRA _88 T TL_BRAZIL EXPORT,276.0
1/29/2026,1325121715115SLTB0,215/75R15 BRUTE_10PR_L_TT,276.0
1/23/2026,1325123715105SBRT0,235/75R15 BRUTE 4X4_105_S_TT,276.0
1/10/2026,1325215613075TUHL0,155/70R13_ULTIMA HI^LIFE_75T TL,276.0
1/10/2026,1325123715105SBRT0,235/75R15 BRUTE 4X4_105_S_TT,276.0
1/8/2026,1325216614081SUTR0,165/70R14_ UX TOURING _81 S TL,275.0
1/1/2026,1325114612069TUHL0,145/70R12_ ULTIMA HI^LIFE _69 T_TT,274.0
1/26/2026,1325123715105SBRT0,235/75R15 BRUTE 4X4_105_S_TT,274.0
1/13/2026,1325119815106QBRQ0,195/80R15 BRUTE TT,274.0
1/24/2026,1325123715105SBRT0,235/75R15 BRUTE 4X4_105_S_TT,274.0
1/12/2026,1225170015010LSTL0,7.00R15_STEEL KING_10PR_L_TT,274.0
1/18/2026,1425118916008QRBT0,185/85R16 RANGER BRT_TT,274.0
1/1/2026,1325123715105SBRT0,235/75R15 BRUTE 4X4_105_S_TT,274.0
1/23/2026,1325213612065SULX1,135/70R12 Ultima LXT 65S TL FOR BAL,273.0
1/23/2026,1325215613075TUHL0,155/70R13_ULTIMA HI^LIFE_75T TL,273.0
1/14/2026,1325217614084HURL2,175/70 R14 _UXROYALE_84H_4Rib _TL,272.0
1/21/2026,1325221715100SRXT0,215/75R15 _RANGER X-A/T_100 S_TL,272.0
1/25/2026,1325123715105SBRT0,235/75R15 BRUTE 4X4_105_S_TT,272.0
1/22/2026,1325221715100SRXT0,215/75R15 _RANGER X-A/T_100 S_TL,272.0
1/19/2026,1325221715100SRXT0,215/75R15 _RANGER X-A/T_100 S_TL,272.0
1/22/2026,1325213612065SULX1,135/70R12 Ultima LXT 65S TL FOR BAL,272.0
1/4/2026,1225121715115SSTL0,215/75R15_STEELKING_S_TT,272.0
1/14/2026,1325214613071TTMX0,145/70R13_TAXIMAX_71T TL,272.0
1/2/2026,1225121715115SSTL0,215/75R15_STEELKING_S_TT,272.0
1/18/2026,1325123715105SBRT0,235/75R15 BRUTE 4X4_105_S_TT,270.0
1/27/2026,1325123715105SBRT0,235/75R15 BRUTE 4X4_105_S_TT,270.0
1/21/2026,1325213612065SULX1,135/70R12 Ultima LXT 65S TL FOR BAL,269.0
1/7/2026,1225121715115SSTL0,215/75R15_STEELKING_S_TT,268.0
1/6/2026,1325119015008SRBT0,195/80R15 RANGER BRT TT,268.0
1/13/2026,1325214613071TTMX0,145/70R13_TAXIMAX_71T TL,268.0
1/3/2026,1325215613075TUHL0,155/70R13_ULTIMA HI^LIFE_75T TL,268.0
1/12/2026,1325215813079SUHL0,155/80 R13_ULTIMA HI^LIFE_79 S TL,268.0
1/14/2026,1325123715105SBRT0,235/75R15 BRUTE 4X4_105_S_TT,268.0
1/4/2026,1325123715105SBRT0,235/75R15 BRUTE 4X4_105_S_TT,268.0
1/16/2026,1325217614084HURL2,175/70 R14 _UXROYALE_84H_4Rib _TL,268.0
1/27/2026,1225223516121PSKP0,235/65R16_STEELKING+_TL,266.0
1/16/2026,1325213612065SULX1,135/70R12 Ultima LXT 65S TL FOR BAL,266.0
1/11/2026,1325123715105SBRT0,235/75R15 BRUTE 4X4_105_S_TT,266.0
1/13/2026,1D25215Z13008QXPC0,155R13_ULTIMA XPC_8PR_Q_TL,266.0
1/22/2026,1325123715105SBRT0,235/75R15 BRUTE 4X4_105_S_TT,266.0
1/13/2026,1325216614081SUTR0,165/70R14_ UX TOURING _81 S TL,266.0
1/16/2026,1325119015008SRBT0,195/80R15 RANGER BRT TT,265.0
1/12/2026,1325119015008SRBT0,195/80R15 RANGER BRT TT,264.0
1/1/2026,1325218415084TTMX0,185/60 R15_TAXIMAX_84 T TL,264.0
1/9/2026,1225121715115SSTL0,215/75R15_STEELKING_S_TT,264.0
1/5/2026,1325123715105SBRT0,235/75R15 BRUTE 4X4_105_S_TT,264.0
1/25/2026,1225121715115SSTL0,215/75R15_STEELKING_S_TT,264.0
1/22/2026,1325220516095HUTR0,205/65R16_UX TOURING_95H TL,264.0
1/7/2026,1325219316087VUTR0,195/55 R16 UX TOURING_87_V_TL,264.0
1/3/2026,1325123715105SBRT0,235/75R15 BRUTE 4X4_105_S_TT,264.0
1/2/2026,1325219316087VUTR0,195/55 R16 UX TOURING_87_V_TL,264.0
1/23/2026,1325221715100SRXT0,215/75R15 _RANGER X-A/T_100 S_TL,263.0
1/27/2026,1325218515088HUTR0,185/65R15_UX TOURING_88H TL,263.0
1/11/2026,1225121715115SSTL0,215/75R15_STEELKING_S_TT,262.0
1/27/2026,1325215813079SUHL0,155/80 R13_ULTIMA HI^LIFE_79 S TL,262.0
1/20/2026,1325223517104HRHT0,235/65 R17_RANGER H/T _104_H_TL,262.0
1/26/2026,1325217413077TUSP0,175/60R13_ULTIMA SPORT_77_T_TL,262.0
1/15/2026,1325123715105SBRT0,235/75R15 BRUTE 4X4_105_S_TT,262.0
1/28/2026,1225121715115SSTL0,215/75R15_STEELKING_S_TT,262.0
1/6/2026,1325121715100SBRT0,215/75R15 BRUTE 4X4_100_S_TT,260.0
1/21/2026,1325220515094VUTR0,205/65R15_UX TOURING_94V TL,260.0
1/14/2026,1425118916008QRBT0,185/85R16 RANGER BRT_TT,260.0
1/28/2026,1325123715105SBRT0,235/75R15 BRUTE 4X4_105_S_TT,260.0
1/28/2026,1225223516121PSKP0,235/65R16_STEELKING+_TL,258.0
1/13/2026,1325221417100HURL1,215/60R17_UX ROYALE _100H XL TL_DOM REPL,257.0
1/14/2026,1225121715115SSTL0,215/75R15_STEELKING_S_TT,256.0
1/5/2026,1325119015008SRBT0,195/80R15 RANGER BRT TT,256.0
1/23/2026,1325226517112HRHT0,265/65 R17_RANGER H/T _112_H_TL,256.0
1/27/2026,1225121715115SSTL0,215/75R15_STEELKING_S_TT,256.0
1/14/2026,1225170015010LSTL0,7.00R15_STEEL KING_10PR_L_TT,255.0
1/16/2026,1325218515088HUTR0,185/65R15_UX TOURING_88H TL,254.0
1/15/2026,1225170015010LSTL0,7.00R15_STEEL KING_10PR_L_TT,254.0
1/9/2026,1325121715100SBRT0,215/75R15 BRUTE 4X4_100_S_TT,254.0
1/5/2026,1325121715100SBRT0,215/75R15 BRUTE 4X4_100_S_TT,254.0
1/19/2026,1325215813079SUHL0,155/80 R13_ULTIMA HI^LIFE_79 S TL,254.0
1/21/2026,1225170015010LSTL0,7.00R15_STEEL KING_10PR_L_TT,254.0
1/4/2026,1325121715100SBRT0,215/75R15 BRUTE 4X4_100_S_TT,253.0
1/2/2026,1325121715100SBRT0,215/75R15 BRUTE 4X4_100_S_TT,252.0
1/18/2026,1225170015010LSTL0,7.00R15_STEEL KING_10PR_L_TT,252.0
1/18/2026,1325219316087VUTR0,195/55 R16 UX TOURING_87_V_TL,252.0
1/15/2026,1325215613075TUHL0,155/70R13_ULTIMA HI^LIFE_75T TL,252.0
1/16/2026,1325215613075TUHL0,155/70R13_ULTIMA HI^LIFE_75T TL,250.0
1/29/2026,1D25212812074FXC10,120/80R12_ULTIMA XPC1_74_F_TL,250.0
1/19/2026,1325215613075TTMX0,155/70R13_TAXIMAX_75 T_TL,250.0
1/19/2026,1325219316087VUTR0,195/55 R16 UX TOURING_87_V_TL,250.0
1/7/2026,1325119015008SRBT0,195/80R15 RANGER BRT TT,248.0
1/18/2026,1D25215Z13008QXPC0,155R13_ULTIMA XPC_8PR_Q_TL,248.0
1/22/2026,1225121715115SSTL0,215/75R15_STEELKING_S_TT,248.0
1/23/2026,1225121715115SSTL0,215/75R15_STEELKING_S_TT,247.0
1/21/2026,1325215613075TTMX0,155/70R13_TAXIMAX_75 T_TL,246.0
1/25/2026,1225170015010LSTL0,7.00R15_STEEL KING_10PR_L_TT,246.0
1/30/2026,1225121715115SSTL0,215/75R15_STEELKING_S_TT,246.0
1/1/2026,1325121715100SBRT0,215/75R15 BRUTE 4X4_100_S_TT,246.0
1/14/2026,1325220515094VUTR0,205/65R15_UX TOURING_94V TL,246.0
1/23/2026,1225223516121PSKP0,235/65R16_STEELKING+_TL,246.0
1/9/2026,1325119015008SRBT0,195/80R15 RANGER BRT TT,246.0
1/8/2026,1325121715100SBRT0,215/75R15 BRUTE 4X4_100_S_TT,244.0
1/17/2026,1325123715105SBRT0,235/75R15 BRUTE 4X4_105_S_TT,244.0
1/3/2026,1325121715100SBRT0,215/75R15 BRUTE 4X4_100_S_TT,244.0
1/20/2026,1225170015010LSTL0,7.00R15_STEEL KING_10PR_L_TT,244.0
1/3/2026,1325217613082TUNE0,175/70R13 ULTIMA NEO 82T TL,242.0
1/19/2026,1325223517104HRHT0,235/65 R17_RANGER H/T _104_H_TL,242.0
1/10/2026,1325121715100SBRT0,215/75R15 BRUTE 4X4_100_S_TT,242.0
1/6/2026,1325223715105SRXT0,235/75R15 _RANGER X-A/T_105 S_TL,242.0
1/2/2026,1325123715105SBRT0,235/75R15 BRUTE 4X4_105_S_TT,242.0
1/28/2026,1325216614081TVECE,165/70R14_VECTRA_81 T TL_EXPORT,240.0
1/24/2026,1325220516095HUTR0,205/65R16_UX TOURING_95H TL,240.0
1/11/2026,1225170015010LSTL0,7.00R15_STEEL KING_10PR_L_TT,240.0
1/22/2026,1225170015010LSTL0,7.00R15_STEEL KING_10PR_L_TT,240.0
1/25/2026,1325217413077TUSP0,175/60R13_ULTIMA SPORT_77_T_TL,238.0
1/14/2026,1325114812074TUHL0,145/80R12 ULTIMA HI^LIFE_TT,238.0
1/7/2026,1325214612069TUHL0,145/70R12 ULTIMA HI^LIFE _69 T_TL,238.0
1/17/2026,1D25215013008SXC11,155R13_ULTIMA XPC1_8PR_S _TL_MSIL,238.0
1/9/2026,1325123715105SBRT0,235/75R15 BRUTE 4X4_105_S_TT,236.0
1/19/2026,1225170015010LSTL0,7.00R15_STEEL KING_10PR_L_TT,236.0
1/4/2026,1325218515088HUTR0,185/65R15_UX TOURING_88H TL,236.0
1/11/2026,1325223517104HRHT0,235/65 R17_RANGER H/T _104_H_TL,234.0
1/26/2026,1225121715115SSTL0,215/75R15_STEELKING_S_TT,234.0
1/28/2026,1325215613075TUHL0,155/70R13_ULTIMA HI^LIFE_75T TL,234.0
1/10/2026,1225121715115SSTL0,215/75R15_STEELKING_S_TT,234.0
1/22/2026,1325215613075TUHL0,155/70R13_ULTIMA HI^LIFE_75T TL,232.0
1/10/2026,1325219316087VUTR0,195/55 R16 UX TOURING_87_V_TL,232.0
1/24/2026,1225170015010LSTL0,7.00R15_STEEL KING_10PR_L_TT,232.0
1/8/2026,1325214613071TTMX0,145/70R13_TAXIMAX_71T TL,232.0
1/17/2026,1225170015010LSTL0,7.00R15_STEEL KING_10PR_L_TT,230.0
1/12/2026,1325123715105SBRT0,235/75R15 BRUTE 4X4_105_S_TT,230.0
1/29/2026,1325217413077TUSP0,175/60R13_ULTIMA SPORT_77_T_TL,230.0
1/12/2026,1225121715115SSTL0,215/75R15_STEELKING_S_TT,230.0
1/30/2026,1225223516121PSKP0,235/65R16_STEELKING+_TL,230.0
1/18/2026,1325220516095HUTR0,205/65R16_UX TOURING_95H TL,230.0
1/24/2026,1325216614081TVECE,165/70R14_VECTRA_81 T TL_EXPORT,230.0
1/20/2026,1225121715115SSTL0,215/75R15_STEELKING_S_TT,229.0
1/22/2026,1325217413077TUSP0,175/60R13_ULTIMA SPORT_77_T_TL,228.0
1/26/2026,1D25212812074FXC10,120/80R12_ULTIMA XPC1_74_F_TL,228.0
1/26/2026,1325219515091VURL0,195/65 R15_UX ROYALE_91_V_TL,228.0
1/23/2026,1225170015010LSTL0,7.00R15_STEEL KING_10PR_L_TT,228.0
1/21/2026,1325221417100HURL1,215/60R17_UX ROYALE _100H XL TL_DOM REPL,226.0
1/3/2026,1325220516095HTMX0,205/65R16_TAXIMAX_95 H TL,226.0
1/9/2026,1225170015010LSTL0,7.00R15_STEEL KING_10PR_L_TT,224.0
1/28/2026,1225170015010LSTL0,7.00R15_STEEL KING_10PR_L_TT,224.0
1/18/2026,1325221715100SRXT0,215/75R15 _RANGER X-A/T_100 S_TL,224.0
1/19/2026,1325217413077TUSP0,175/60R13_ULTIMA SPORT_77_T_TL,224.0
1/23/2026,1325215813079SUHL0,155/80 R13_ULTIMA HI^LIFE_79 S TL,223.0
1/29/2026,1225221716010SXC10,215/75R16C_ULTIMA XPC1 _ TL_PLT_ TML,222.0
1/14/2026,1325119015008SRBT0,195/80R15 RANGER BRT TT,222.0
1/15/2026,1325223517104HRHT0,235/65 R17_RANGER H/T _104_H_TL,222.0
1/25/2026,1325216814085SUTR0,165/80R14_UX TOURING_85S TL,222.0
1/17/2026,1325223517104HRHT0,235/65 R17_RANGER H/T _104_H_TL,220.0
1/23/2026,1325217413077TUSP0,175/60R13_ULTIMA SPORT_77_T_TL,220.0
1/10/2026,1225170015010LSTL0,7.00R15_STEEL KING_10PR_L_TT,218.0
1/13/2026,1325123715105SBRT0,235/75R15 BRUTE 4X4_105_S_TT,218.0
1/15/2026,1225121715115SSTL0,215/75R15_STEELKING_S_TT,218.0
1/15/2026,1325213612065SULX1,135/70R12 Ultima LXT 65S TL FOR BAL,216.0
1/12/2026,1425118916008QRBT0,185/85R16 RANGER BRT_TT,216.0
1/29/2026,1325123715105SBRT0,235/75R15 BRUTE 4X4_105_S_TT,215.0
1/17/2026,1325219416089HRHE0,195/60R16_RANGER HPE_89H TL_TML,214.0
1/14/2026,1325215613075TUHL0,155/70R13_ULTIMA HI^LIFE_75T TL,214.0
1/13/2026,1325215813079SUHL0,155/80 R13_ULTIMA HI^LIFE_79 S TL,214.0
1/14/2026,1325214812074TUHL0,145/80R12 ULTIMA HI^LIFE_TL,214.0
1/29/2026,1225170015010LSTL0,7.00R15_STEEL KING_10PR_L_TT,214.0
1/22/2026,1325226517112HRHT0,265/65 R17_RANGER H/T _112_H_TL,214.0
1/13/2026,1325216814085TURL0,165/80R14_UX ROYALE_85T_MSIL_4Rib_TL,213.0
1/5/2026,1325215613075TUHL0,155/70R13_ULTIMA HI^LIFE_75T TL,212.0
1/14/2026,1325215813079SUHL0,155/80 R13_ULTIMA HI^LIFE_79 S TL,212.0
1/27/2026,1325215613075TTMX0,155/70R13_TAXIMAX_75 T_TL,210.0
1/25/2026,1325217514082HURL2,175/65R14 _UX ROYALE_82_H_4RIB_TL_EXPORT,208.0
1/19/2026,1325220516095HUTR0,205/65R16_UX TOURING_95H TL,208.0
1/7/2026,1325121715100SBRT0,215/75R15 BRUTE 4X4_100_S_TT,208.0
1/15/2026,1325216614081SUTR0,165/70R14_ UX TOURING _81 S TL,208.0
1/30/2026,1225170015010LSTL0,7.00R15_STEEL KING_10PR_L_TT,208.0
1/28/2026,1325121715115SLTB0,215/75R15 BRUTE_10PR_L_TT,207.0
1/24/2026,1325219515091VURL0,195/65 R15_UX ROYALE_91_V_TL,206.0
1/8/2026,1325217613082TUNE2,175/70R13_ULTIMA NEO_82_T_4RIB_TL_ EXPOR,206.0
1/13/2026,1325218614088TVECE,185/70R14_ VECTRA _88 T TL_BRAZIL EXPORT,206.0
1/19/2026,1325123715105SBRT0,235/75R15 BRUTE 4X4_105_S_TT,206.0
1/10/2026,1325217613082TUNE2,175/70R13_ULTIMA NEO_82_T_4RIB_TL_ EXPOR,206.0
1/6/2026,1325216614081SUTR0,165/70R14_ UX TOURING _81 S TL,206.0
1/25/2026,1325219515091VURL0,195/65 R15_UX ROYALE_91_V_TL,204.0
1/12/2026,1325223517104HRHT0,235/65 R17_RANGER H/T _104_H_TL,203.0
1/3/2026,1325219416089HRHE0,195/60R16_RANGER HPE_89H TL_TML,202.0
1/20/2026,1325217514082HURL2,175/65R14 _UX ROYALE_82_H_4RIB_TL_EXPORT,202.0
1/19/2026,1225221716010SXC10,215/75R16C_ULTIMA XPC1 _ TL_PLT_ TML,202.0
1/16/2026,1325223517104HRHT0,235/65 R17_RANGER H/T _104_H_TL,202.0
1/30/2026,1325215613075TUHL0,155/70R13_ULTIMA HI^LIFE_75T TL,200.0
1/20/2026,1325220516095HUTR0,205/65R16_UX TOURING_95H TL,200.0
1/1/2026,1325215613075TUHL0,155/70R13_ULTIMA HI^LIFE_75T TL,200.0
1/15/2026,1325217614084HURL2,175/70 R14 _UXROYALE_84H_4Rib _TL,200.0
1/19/2026,1325217514082HURL2,175/65R14 _UX ROYALE_82_H_4RIB_TL_EXPORT,198.0
1/30/2026,1325223517104HRHT0,235/65 R17_RANGER H/T _104_H_TL,198.0
1/23/2026,1325217514082HURL2,175/65R14 _UX ROYALE_82_H_4RIB_TL_EXPORT,198.0
1/25/2026,1325218515088HUTR0,185/65R15_UX TOURING_88H TL,198.0
1/16/2026,1325215613075TTMX0,155/70R13_TAXIMAX_75 T_TL,197.0
1/8/2026,1325218514086HURL0,185/65R14_UX ROYALE_86 H  TL,196.0
1/24/2026,1325219416089HRHE0,195/60R16_RANGER HPE_89H TL_TML,196.0
1/6/2026,1325218514086HURL0,185/65R14_UX ROYALE_86 H  TL,196.0
1/2/2026,1325216514079TTMX0,165/65 R14_TAXIMAX_79 T TL,196.0
1/26/2026,1325221715100SRXT0,215/75R15 _RANGER X-A/T_100 S_TL,195.0
1/29/2026,1225121715115SSTL0,215/75R15_STEELKING_S_TT,194.0
1/24/2026,1325219316087VUTR0,195/55 R16 UX TOURING_87_V_TL,194.0
1/5/2026,1325216514079TTMX0,165/65 R14_TAXIMAX_79 T TL,194.0
1/6/2026,1325215613075TUHL0,155/70R13_ULTIMA HI^LIFE_75T TL,194.0
1/7/2026,1325216514079TTMX0,165/65 R14_TAXIMAX_79 T TL,192.0
1/22/2026,1325217613082TUNE2,175/70R13_ULTIMA NEO_82_T_4RIB_TL_ EXPOR,192.0
1/15/2026,1325215813079SUHL0,155/80 R13_ULTIMA HI^LIFE_79 S TL,192.0
1/12/2026,1325217613082TUNE2,175/70R13_ULTIMA NEO_82_T_4RIB_TL_ EXPOR,192.0
1/14/2026,1325218514086HURL0,185/65R14_UX ROYALE_86 H  TL,192.0
1/20/2026,1225221716010SXC10,215/75R16C_ULTIMA XPC1 _ TL_PLT_ TML,192.0
1/16/2026,1225170015010LSTL0,7.00R15_STEEL KING_10PR_L_TT,192.0
1/21/2026,1325217514082HURL2,175/65R14 _UX ROYALE_82_H_4RIB_TL_EXPORT,192.0
1/13/2026,1325220515094VUTR0,205/65R15_UX TOURING_94V TL,190.0
1/5/2026,1325217613082TUNE2,175/70R13_ULTIMA NEO_82_T_4RIB_TL_ EXPOR,188.0
1/21/2026,1325123715105SBRT0,235/75R15 BRUTE 4X4_105_S_TT,188.0
1/10/2026,1325223517104HRHT0,235/65 R17_RANGER H/T _104_H_TL,187.0
1/15/2026,1325218515088HUTR0,185/65R15_UX TOURING_88H TL,186.0
1/19/2026,1325217613082TUNE2,175/70R13_ULTIMA NEO_82_T_4RIB_TL_ EXPOR,186.0
1/11/2026,1425118916008QRBT0,185/85R16 RANGER BRT_TT,186.0
1/19/2026,1325220316091VURL1,205/55R16 UX Royale 91V,186.0
1/17/2026,1225221716010SXC10,215/75R16C_ULTIMA XPC1 _ TL_PLT_ TML,186.0
1/2/2026,1325217613082TUNE2,175/70R13_ULTIMA NEO_82_T_4RIB_TL_ EXPOR,184.0
1/13/2026,1325223517104HRHT0,235/65 R17_RANGER H/T _104_H_TL,182.0
1/9/2026,1325215813079SUHL0,155/80 R13_ULTIMA HI^LIFE_79 S TL,182.0
1/17/2026,1325217514082HURL2,175/65R14 _UX ROYALE_82_H_4RIB_TL_EXPORT,182.0
1/6/2026,1325217613082TUNE2,175/70R13_ULTIMA NEO_82_T_4RIB_TL_ EXPOR,182.0
1/1/2026,1325217613082TUNE2,175/70R13_ULTIMA NEO_82_T_4RIB_TL_ EXPOR,180.0
1/4/2026,1325216514079TTMX0,165/65 R14_TAXIMAX_79 T TL,180.0
1/11/2026,1325217613082TUNE2,175/70R13_ULTIMA NEO_82_T_4RIB_TL_ EXPOR,180.0
1/28/2026,1225221716010SXC10,215/75R16C_ULTIMA XPC1 _ TL_PLT_ TML,180.0
1/16/2026,1325217613082TUNE2,175/70R13_ULTIMA NEO_82_T_4RIB_TL_ EXPOR,178.0
1/18/2026,1325217613082TUNE2,175/70R13_ULTIMA NEO_82_T_4RIB_TL_ EXPOR,178.0
1/26/2026,ET1658014UXRSMTTL,ET-165/80R14_UX ROYALE_SMART_TL_85T,178.0
1/20/2026,1325218515088HURL1,185/65R15_UX ROYALE_88H_5RIB_EXP_TL,178.0
1/28/2026,1325223517104HRHT0,235/65 R17_RANGER H/T _104_H_TL,178.0
1/8/2026,1225170015010LSTL0,7.00R15_STEEL KING_10PR_L_TT,178.0
1/3/2026,1325216514079TTMX0,165/65 R14_TAXIMAX_79 T TL,178.0
1/10/2026,1225121716010SXC10,215/75R16_ULTIMA XPC1_10PR_S_TT,176.0
1/18/2026,1225221716010SXC10,215/75R16C_ULTIMA XPC1 _ TL_PLT_ TML,176.0
1/17/2026,ET1658014UXRSMTTL,ET-165/80R14_UX ROYALE_SMART_TL_85T,176.0
1/19/2026,ET1658014UXRSMTTL,ET-165/80R14_UX ROYALE_SMART_TL_85T,176.0
1/23/2026,ET1658014UXRSMTTL,ET-165/80R14_UX ROYALE_SMART_TL_85T,176.0
1/25/2026,ET1658014UXRSMTTL,ET-165/80R14_UX ROYALE_SMART_TL_85T,175.0
1/12/2026,1325220515094VUTP0,205/65R15_UX TOURING PUNCTURE GUARD_94V,174.0
1/26/2026,1325222517102SRAB0,225/65R17_RANGER AT2_102S TL,174.0
1/12/2026,1225121716010SXC10,215/75R16_ULTIMA XPC1_10PR_S_TT,174.0
1/8/2026,1325215613075TUHL0,155/70R13_ULTIMA HI^LIFE_75T TL,172.0
1/21/2026,1325220316091VURL1,205/55R16 UX Royale 91V,172.0
1/9/2026,1225121716010SXC10,215/75R16_ULTIMA XPC1_10PR_S_TT,172.0
1/14/2026,1225121716010SXC10,215/75R16_ULTIMA XPC1_10PR_S_TT,172.0
1/15/2026,1325219316087VUTR0,195/55 R16 UX TOURING_87_V_TL,170.0
1/4/2026,1325119015008SRBT0,195/80R15 RANGER BRT TT,170.0
1/23/2026,1325220516095HUTR0,205/65R16_UX TOURING_95H TL,170.0
1/18/2026,ET1658014UXRSMTTL,ET-165/80R14_UX ROYALE_SMART_TL_85T,170.0
1/28/2026,1325217413077TUSP0,175/60R13_ULTIMA SPORT_77_T_TL,168.0
1/27/2026,ET1658014UXRSMTTL,ET-165/80R14_UX ROYALE_SMART_TL_85T,168.0
1/30/2026,1325123715105SBRT0,235/75R15 BRUTE 4X4_105_S_TT,168.0
1/25/2026,1325222517102SRAB0,225/65R17_RANGER AT2_102S TL,168.0
1/24/2026,ET1658014UXRSMTTL,ET-165/80R14_UX ROYALE_SMART_TL_85T,166.0
1/18/2026,1325119815106QBRQ0,195/80R15 BRUTE TT,166.0
1/18/2026,1325217514082HURL2,175/65R14 _UX ROYALE_82_H_4RIB_TL_EXPORT,166.0
1/22/2026,1325219416089HRHE0,195/60R16_RANGER HPE_89H TL_TML,166.0
1/1/2026,1325219416089HRHE0,195/60R16_RANGER HPE_89H TL_TML,166.0
1/25/2026,1325213612065SULX1,135/70R12 Ultima LXT 65S TL FOR BAL,166.0
1/4/2026,1325223616105HRHT0,235/70 R16_RANGER H/T _105_H_TL,165.0
1/22/2026,1325219515091VURL0,195/65 R15_UX ROYALE_91_V_TL,164.0
1/10/2026,1325220515094VUTP0,205/65R15_UX TOURING PUNCTURE GUARD_94V,163.0
1/13/2026,1225170015010LSTL0,7.00R15_STEEL KING_10PR_L_TT,160.0
1/3/2026,1325217415081HUTR0,175/60R15_UX TOURING_81H TL,160.0
1/15/2026,1325215813079STMX0,155/80 R13_TAXIMAX_79 S TL,160.0
1/14/2026,1325218515088TURL0,185/65R15_88T_UX ROYALE_ TL,158.0
1/4/2026,1325219316087VURL0,195/55 R16_UX ROYALE_87_V_TL,158.0
1/19/2026,1325218515088HURL1,185/65R15_UX ROYALE_88H_5RIB_EXP_TL,158.0
1/27/2026,1325217514082HURL2,175/65R14 _UX ROYALE_82_H_4RIB_TL_EXPORT,156.0
1/1/2026,1325214612069TUHL0,145/70R12 ULTIMA HI^LIFE _69 T_TL,156.0
1/24/2026,1325220416092VURL0,205/60 R16_UX ROYALE_92_V_TL,156.0
1/29/2026,1325216614081TVECE,165/70R14_VECTRA_81 T TL_EXPORT,154.0
1/21/2026,ET1658014UXRSMTTL,ET-165/80R14_UX ROYALE_SMART_TL_85T,154.0
1/20/2026,ET1658014UXRSMTTL,ET-165/80R14_UX ROYALE_SMART_TL_85T,154.0
1/30/2026,1D25212812086FXPC0,120/80R12_ULTIMA XPC_86F_TL,154.0
1/29/2026,1325223517104HRHT0,235/65 R17_RANGER H/T _104_H_TL,154.0
1/29/2026,1325225518111HRHB1,255/65R18_RANGER HT2_111H TL_M&M_Z121,152.0
1/6/2026,1325219416089HRHE0,195/60R16_RANGER HPE_89H TL_TML,152.0
1/28/2026,1325217514082HURL2,175/65R14 _UX ROYALE_82_H_4RIB_TL_EXPORT,152.0
1/16/2026,1325123715105SBRT0,235/75R15 BRUTE 4X4_105_S_TT,152.0
1/8/2026,1325218614088TVECE,185/70R14_ VECTRA _88 T TL_BRAZIL EXPORT,151.0
1/7/2026,1325223616105HRHT0,235/70 R16_RANGER H/T _105_H_TL,150.0
1/13/2026,1325219316087VUTR0,195/55 R16 UX TOURING_87_V_TL,150.0
1/8/2026,1325220515094VUTP0,205/65R15_UX TOURING PUNCTURE GUARD_94V,150.0
1/6/2026,1325216514079TTMX0,165/65 R14_TAXIMAX_79 T TL,150.0
1/6/2026,1325216814085SUTR0,165/80R14_UX TOURING_85S TL,150.0
1/7/2026,1325220515094VUTP0,205/65R15_UX TOURING PUNCTURE GUARD_94V,150.0
1/16/2026,ET1658014UXRSMTTL,ET-165/80R14_UX ROYALE_SMART_TL_85T,149.0
1/13/2026,1325119015008SRBT0,195/80R15 RANGER BRT TT,148.0
1/16/2026,1225221716010SXC10,215/75R16C_ULTIMA XPC1 _ TL_PLT_ TML,148.0
1/14/2026,1325223517104HRHT0,235/65 R17_RANGER H/T _104_H_TL,146.0
1/13/2026,1425118916008QRBT0,185/85R16 RANGER BRT_TT,146.0
1/2/2026,1325218415084TTMX0,185/60 R15_TAXIMAX_84 T TL,146.0
1/22/2026,ET1658014UXRSMTTL,ET-165/80R14_UX ROYALE_SMART_TL_85T,144.0
1/18/2026,1325119015008SRBT0,195/80R15 RANGER BRT TT,144.0
1/24/2026,1225221716010SXC10,215/75R16C_ULTIMA XPC1 _ TL_PLT_ TML,144.0
1/4/2026,1325217415081HUTR0,175/60R15_UX TOURING_81H TL,144.0
1/12/2026,1325218514086HURL0,185/65R14_UX ROYALE_86 H  TL,143.0
1/13/2026,1325217613082TUNE2,175/70R13_ULTIMA NEO_82_T_4RIB_TL_ EXPOR,142.0
1/29/2026,1325217514082HURL2,175/65R14 _UX ROYALE_82_H_4RIB_TL_EXPORT,142.0
1/3/2026,1325223616105HRHT0,235/70 R16_RANGER H/T _105_H_TL,140.0
1/14/2026,1325213612065SULX1,135/70R12 Ultima LXT 65S TL FOR BAL,140.0
1/11/2026,1325220515094VUTP0,205/65R15_UX TOURING PUNCTURE GUARD_94V,139.0
1/25/2026,1325219416089HRHE0,195/60R16_RANGER HPE_89H TL_TML,139.0
1/5/2026,1325223616105HRHT0,235/70 R16_RANGER H/T _105_H_TL,139.0
1/9/2026,1325220515094VUTP0,205/65R15_UX TOURING PUNCTURE GUARD_94V,138.0
1/23/2026,1325220416092VURL0,205/60 R16_UX ROYALE_92_V_TL,138.0
1/21/2026,1225221716010SXC10,215/75R16C_ULTIMA XPC1 _ TL_PLT_ TML,138.0
1/30/2026,1325216614081TVECE,165/70R14_VECTRA_81 T TL_EXPORT,138.0
1/13/2026,1225121715115SSTL0,215/75R15_STEELKING_S_TT,138.0
1/3/2026,1325217613082TUNE2,175/70R13_ULTIMA NEO_82_T_4RIB_TL_ EXPOR,136.0
1/15/2026,1325114812074TUHL0,145/80R12 ULTIMA HI^LIFE_TT,134.0
1/10/2026,1325223616105HRHT0,235/70 R16_RANGER H/T _105_H_TL,134.0
1/8/2026,1325223715105SRXT0,235/75R15 _RANGER X-A/T_105 S_TL,130.0
1/27/2026,1225170015010LSTL0,7.00R15_STEEL KING_10PR_L_TT,130.0
1/15/2026,1325217514082HURL2,175/65R14 _UX ROYALE_82_H_4RIB_TL_EXPORT,130.0
1/23/2026,1325220316094VUX10,205/55R16 UX1 94 V TL Exp. & Dom.,130.0
1/13/2026,1325215613075TUHL0,155/70R13_ULTIMA HI^LIFE_75T TL,128.0
1/13/2026,1325218514086HURL0,185/65R14_UX ROYALE_86 H  TL,128.0
1/22/2026,1325217514082HURL2,175/65R14 _UX ROYALE_82_H_4RIB_TL_EXPORT,128.0
1/20/2026,1325220316091VURL1,205/55R16 UX Royale 91V,128.0
1/2/2026,1325119015008SRBT0,195/80R15 RANGER BRT TT,126.0
1/16/2026,1325217514082HURL2,175/65R14 _UX ROYALE_82_H_4RIB_TL_EXPORT,124.0
1/4/2026,1325217613082TUNE2,175/70R13_ULTIMA NEO_82_T_4RIB_TL_ EXPOR,124.0
1/25/2026,1225221716010SXC10,215/75R16C_ULTIMA XPC1 _ TL_PLT_ TML,124.0
1/1/2026,1325223616105HRHT0,235/70 R16_RANGER H/T _105_H_TL,124.0
1/1/2026,1325220515094VUTR0,205/65R15_UX TOURING_94V TL,124.0
1/16/2026,1325216614081SUTR0,165/70R14_ UX TOURING _81 S TL,123.0
1/4/2026,1D25214012008QSTL0,145R12_STEELKING_8PR_Q_TL,122.0
1/17/2026,1325221715100SRXT0,215/75R15 _RANGER X-A/T_100 S_TL,122.0
1/13/2026,1325220515094VUTP0,205/65R15_UX TOURING PUNCTURE GUARD_94V,122.0
1/9/2026,1325223616105HRHT0,235/70 R16_RANGER H/T _105_H_TL,120.0
1/15/2026,1225121716010SXC10,215/75R16_ULTIMA XPC1_10PR_S_TT,120.0
1/7/2026,1325217613082TUNE2,175/70R13_ULTIMA NEO_82_T_4RIB_TL_ EXPOR,120.0
1/25/2026,1325220516095HUTR0,205/65R16_UX TOURING_95H TL,120.0
1/23/2026,1325217614084HURL2,175/70 R14 _UXROYALE_84H_4Rib _TL,118.0
1/9/2026,1325217613082TUNE2,175/70R13_ULTIMA NEO_82_T_4RIB_TL_ EXPOR,118.0
1/18/2026,1325218515088HURL1,185/65R15_UX ROYALE_88H_5RIB_EXP_TL,118.0
1/21/2026,1325218515088HURL1,185/65R15_UX ROYALE_88H_5RIB_EXP_TL,116.0
1/15/2026,1325217514082TTMX0,175/65 R14_TAXIMAX_82_T_TL,116.0
1/15/2026,1325218514086HURL0,185/65R14_UX ROYALE_86 H  TL,114.0
1/2/2026,1325215613075TUHL0,155/70R13_ULTIMA HI^LIFE_75T TL,114.0
1/23/2026,1225220Z16008RXC10,205R16C ULTIMA XPC1 110/108 R TL,114.0
1/27/2026,1225220Z16008RXC10,205R16C ULTIMA XPC1 110/108 R TL,114.0
1/26/2026,1225220Z16008RXC10,205R16C ULTIMA XPC1 110/108 R TL,113.0
1/12/2026,1D25214012008QSTL0,145R12_STEELKING_8PR_Q_TL,112.0
1/17/2026,1325222318102VRHE1,225/55R18_RANGER HPE_102V XL TL_MGI_F520,112.0
1/28/2026,ET1658014UXRSMTTL,ET-165/80R14_UX ROYALE_SMART_TL_85T,112.0
1/1/2026,1325119015008SRBT0,195/80R15 RANGER BRT TT,112.0
1/24/2026,1225220Z16008RXC10,205R16C ULTIMA XPC1 110/108 R TL,112.0
1/7/2026,1325218614088TVECE,185/70R14_ VECTRA _88 T TL_BRAZIL EXPORT,112.0
1/15/2026,1325215613075TTMX0,155/70R13_TAXIMAX_75 T_TL,110.0
1/21/2026,1225219015008SLTB0,195-R15_BRUTE LT_8PR S TL,110.0
1/21/2026,1325219515091VURL0,195/65 R15_UX ROYALE_91_V_TL,110.0
1/2/2026,1D25214012008QSTL0,145R12_STEELKING_8PR_Q_TL,110.0
1/15/2026,1325214613071TTMX0,145/70R13_TAXIMAX_71T TL,108.0
1/22/2026,1325220416092VURL0,205/60 R16_UX ROYALE_92_V_TL,108.0
1/30/2026,1225219015008SLTB0,195-R15_BRUTE LT_8PR S TL,106.0
1/2/2026,1325223616105HRHT0,235/70 R16_RANGER H/T _105_H_TL,106.0
1/6/2026,1D25214012008QSTL0,145R12_STEELKING_8PR_Q_TL,106.0
1/18/2026,1225121716010SXC10,215/75R16_ULTIMA XPC1_10PR_S_TT,104.0
1/20/2026,1225121716010SXC10,215/75R16_ULTIMA XPC1_10PR_S_TT,104.0
1/19/2026,1225121716010SXC10,215/75R16_ULTIMA XPC1_10PR_S_TT,102.0
1/25/2026,1325225517114TRHB0,LT 255/65R17_RANGER HT2_114/110T  TL_M&M,102.0
1/22/2026,1325223517104HRHT0,235/65 R17_RANGER H/T _104_H_TL,102.0
1/24/2026,1325217613082TUNE2,175/70R13_ULTIMA NEO_82_T_4RIB_TL_ EXPOR,100.0
1/12/2026,1325217613082TUNE0,175/70R13 ULTIMA NEO 82T TL,100.0
1/21/2026,1325223517104HRHT0,235/65 R17_RANGER H/T _104_H_TL,100.0
1/8/2026,1325214612069TUHL0,145/70R12 ULTIMA HI^LIFE _69 T_TL,100.0
1/21/2026,1325220416092VURL0,205/60 R16_UX ROYALE_92_V_TL,98.0
1/27/2026,1325223517104HRHT0,235/65 R17_RANGER H/T _104_H_TL,98.0
1/26/2026,1325217514082HURL2,175/65R14 _UX ROYALE_82_H_4RIB_TL_EXPORT,98.0
1/17/2026,1325217613082TUNE2,175/70R13_ULTIMA NEO_82_T_4RIB_TL_ EXPOR,96.0
1/17/2026,1225121716010SXC10,215/75R16_ULTIMA XPC1_10PR_S_TT,96.0
1/27/2026,1225221716010SXC10,215/75R16C_ULTIMA XPC1 _ TL_PLT_ TML,95.0
1/17/2026,1325215813079STMX0,155/80 R13_TAXIMAX_79 S TL,94.0
1/27/2026,1325121715115SLTB0,215/75R15 BRUTE_10PR_L_TT,94.0
1/1/2026,1325216514079TTMX0,165/65 R14_TAXIMAX_79 T TL,94.0
1/26/2026,1325219416089HRHE1,195/60R16_RANGER HPE_89H_TL_MSIL_YBB_,94.0
1/11/2026,1D25214012008QSTL0,145R12_STEELKING_8PR_Q_TL,94.0
1/27/2026,1325222517102SRAB0,225/65R17_RANGER AT2_102S TL,94.0
1/11/2026,1325121715100SBRT0,215/75R15 BRUTE 4X4_100_S_TT,93.0
1/9/2026,1D25214012008QSTL0,145R12_STEELKING_8PR_Q_TL,92.0
1/29/2026,1225219015008SLTB0,195-R15_BRUTE LT_8PR S TL,90.0
1/21/2026,1325219316087VUTR0,195/55 R16 UX TOURING_87_V_TL,90.0
1/30/2026,1325218515088HURL1,185/65R15_UX ROYALE_88H_5RIB_EXP_TL,89.0
1/24/2026,1325225517114TRHB0,LT 255/65R17_RANGER HT2_114/110T  TL_M&M,88.0
1/22/2026,1225219015008SLTB0,195-R15_BRUTE LT_8PR S TL,86.0
1/25/2026,1325220316094VUX10,205/55R16 UX1 94 V TL Exp. & Dom.,84.0
1/4/2026,1325220515094VTMX0,205/65R15_TAXIMAX_94 V_TL,82.0
1/15/2026,1225221716010SXC10,215/75R16C_ULTIMA XPC1 _ TL_PLT_ TML,82.0
1/1/2026,1D25214012008QSTL0,145R12_STEELKING_8PR_Q_TL,82.0
1/11/2026,1225121716010SXC10,215/75R16_ULTIMA XPC1_10PR_S_TT,80.0
1/30/2026,1325221416095HURL0,215/60 R16_UX ROYALE_95H_TL_MSIL_YXA,80.0
1/18/2026,1325222318102VRHE1,225/55R18_RANGER HPE_102V XL TL_MGI_F520,80.0
1/7/2026,1D25214012008QSTL0,145R12_STEELKING_8PR_Q_TL,80.0
1/20/2026,1225219015008SLTB0,195-R15_BRUTE LT_8PR S TL,80.0
1/21/2026,1325226517112HRHT0,265/65 R17_RANGER H/T _112_H_TL,80.0
1/26/2026,1325223317103VUX10,235/55R17 UX1 103 V TL,78.0
1/27/2026,1325221715100SRXT0,215/75R15 _RANGER X-A/T_100 S_TL,76.0
1/20/2026,1325217613082TUNE2,175/70R13_ULTIMA NEO_82_T_4RIB_TL_ EXPOR,76.0
1/29/2026,1325221416095HURL0,215/60 R16_UX ROYALE_95H_TL_MSIL_YXA,76.0
1/21/2026,1325217613082TUNE2,175/70R13_ULTIMA NEO_82_T_4RIB_TL_ EXPOR,75.0
1/1/2026,1225121715115SSTL0,215/75R15_STEELKING_S_TT,74.0
1/28/2026,1325222517102SRAB0,225/65R17_RANGER AT2_102S TL,74.0
1/24/2026,1325217514082HURL2,175/65R14 _UX ROYALE_82_H_4RIB_TL_EXPORT,74.0
1/28/2026,1225175016012NJTL0,7.50R16LT_ JUH STEEL_12 PR_121/120 N_TT,74.0
1/27/2026,1225175016012NJTL0,7.50R16LT_ JUH STEEL_12 PR_121/120 N_TT,72.0
1/25/2026,1225220Z16008RXC10,205R16C ULTIMA XPC1 110/108 R TL,72.0
1/15/2026,1325213615099MSXT0,135/70R15 STAR XT_99M TL,71.0
1/15/2026,1325218515088TURL0,185/65R15_88T_UX ROYALE_ TL,70.0
1/22/2026,1225220Z16008RXC10,205R16C ULTIMA XPC1 110/108 R TL,70.0
1/24/2026,1325222517102SRAB0,225/65R17_RANGER AT2_102S TL,70.0
1/13/2026,1325218515088TURL0,185/65R15_88T_UX ROYALE_ TL,70.0
1/12/2026,1225221716010SXC10,215/75R16C_ULTIMA XPC1 _ TL_PLT_ TML,70.0
1/2/2026,1325114612069TUHL0,145/70R12_ ULTIMA HI^LIFE _69 T_TT,69.0
1/12/2026,1325219416089HRHE1,195/60R16_RANGER HPE_89H_TL_MSIL_YBB_,69.0
1/5/2026,1225175015012LSTL0,7.50R15 LT_STEELKING_119/114L 12PR_TT,68.0
1/8/2026,1325223616105HRHT0,235/70 R16_RANGER H/T _105_H_TL,68.0
1/25/2026,1325218614088TVECE,185/70R14_ VECTRA _88 T TL_BRAZIL EXPORT,68.0
1/27/2026,1325219416089HRHE1,195/60R16_RANGER HPE_89H_TL_MSIL_YBB_,67.0
1/13/2026,1225221716010SXC10,215/75R16C_ULTIMA XPC1 _ TL_PLT_ TML,66.0
1/22/2026,1325222217098VUX10,225/50R17 UX1 98 V TL,66.0
1/16/2026,1225121716010SXC10,215/75R16_ULTIMA XPC1_10PR_S_TT,66.0
1/23/2026,1325223517104HRHT0,235/65 R17_RANGER H/T _104_H_TL,66.0
1/15/2026,1325217613082TUNE2,175/70R13_ULTIMA NEO_82_T_4RIB_TL_ EXPOR,64.0
1/11/2026,1325217614084HURL2,175/70 R14 _UXROYALE_84H_4Rib _TL,64.0
1/14/2026,1325220515094VUTP0,205/65R15_UX TOURING PUNCTURE GUARD_94V,60.0
1/2/2026,1325213A16102MSXT0,T135/90R16_STAR-XT_102M  TL_M&M_S220,60.0
1/11/2026,1225221716010SXC10,215/75R16C_ULTIMA XPC1 _ TL_PLT_ TML,60.0
1/14/2026,1325217613082TUNE2,175/70R13_ULTIMA NEO_82_T_4RIB_TL_ EXPOR,58.0
1/13/2026,1225121716010SXC10,215/75R16_ULTIMA XPC1_10PR_S_TT,58.0
1/20/2026,1325123715105SBRT0,235/75R15 BRUTE 4X4_105_S_TT,57.0
1/20/2026,1325217413077TUSP0,175/60R13_ULTIMA SPORT_77_T_TL,54.0
1/2/2026,1325219416089HRHE0,195/60R16_RANGER HPE_89H TL_TML,52.0
1/21/2026,1225121716010SXC10,215/75R16_ULTIMA XPC1_10PR_S_TT,52.0
1/6/2026,1325220515094VUTP0,205/65R15_UX TOURING PUNCTURE GUARD_94V,50.0
1/14/2026,1325217514082HURL2,175/65R14 _UX ROYALE_82_H_4RIB_TL_EXPORT,50.0
1/10/2026,1225221716010SXC10,215/75R16C_ULTIMA XPC1 _ TL_PLT_ TML,48.0
1/6/2026,1325223616105HRHT0,235/70 R16_RANGER H/T _105_H_TL,46.0
1/23/2026,1225221716010SXC10,215/75R16C_ULTIMA XPC1 _ TL_PLT_ TML,46.0
1/23/2026,1325217613082TUNE2,175/70R13_ULTIMA NEO_82_T_4RIB_TL_ EXPOR,46.0
1/3/2026,1325213A16102MSXT0,T135/90R16_STAR-XT_102M  TL_M&M_S220,46.0
1/4/2026,1325220516095HTMX0,205/65R16_TAXIMAX_95 H TL,45.0
1/23/2026,1325216614081TVECE,165/70R14_VECTRA_81 T TL_EXPORT,42.0
1/28/2026,1325221715100SRXT0,215/75R15 _RANGER X-A/T_100 S_TL,42.0
1/26/2026,1225170015010LSTL0,7.00R15_STEEL KING_10PR_L_TT,40.0
1/5/2026,1325218515088HUTR0,185/65R15_UX TOURING_88H TL,40.0
1/5/2026,1325218514086HURL0,185/65R14_UX ROYALE_86 H  TL,38.0
1/14/2026,1225221716010SXC10,215/75R16C_ULTIMA XPC1 _ TL_PLT_ TML,38.0
1/24/2026,1325226517112HRHT0,265/65 R17_RANGER H/T _112_H_TL,36.0
1/6/2026,1325218614088TVECE,185/70R14_ VECTRA _88 T TL_BRAZIL EXPORT,36.0
1/12/2026,1325121715100SBRT0,215/75R15 BRUTE 4X4_100_S_TT,36.0
1/4/2026,1325221318099HURL0,215/55 R18_UX Royale _99 H  TL_ Reinforc,36.0
1/7/2026,1225170015010LSTL0,7.00R15_STEEL KING_10PR_L_TT,34.0
1/28/2026,1325225518111HRHB1,255/65R18_RANGER HT2_111H TL_M&M_Z121,34.0
1/11/2026,1D25215Z13008QXPC0,155R13_ULTIMA XPC_8PR_Q_TL,34.0
1/26/2026,1225175016012NJTL0,7.50R16LT_ JUH STEEL_12 PR_121/120 N_TT,34.0
1/6/2026,1225175015012LSTL0,7.50R15 LT_STEELKING_119/114L 12PR_TT,32.0
1/18/2026,1325217413077TUSP0,175/60R13_ULTIMA SPORT_77_T_TL,32.0
1/10/2026,1D25214012008QSTL0,145R12_STEELKING_8PR_Q_TL,30.0
1/30/2026,1325218515088HURP0,185/65R15_UX ROYALE PUNCTURE GUARD_88H,30.0
1/4/2026,1225175015012LSTL0,7.50R15 LT_STEELKING_119/114L 12PR_TT,30.0
1/3/2026,1325221416095VURL0,215/60 R 16 _UX ROYALE_95_V_TL,28.0
1/3/2026,1D25214012008QSTL0,145R12_STEELKING_8PR_Q_TL,28.0
1/18/2026,1325220316091VURL1,205/55R16 UX Royale 91V,28.0
1/14/2026,1325218515088HUTR0,185/65R15_UX TOURING_88H TL,28.0
1/23/2026,1225219015008SLTB0,195-R15_BRUTE LT_8PR S TL,26.0
1/24/2026,1325223517104HRHT0,235/65 R17_RANGER H/T _104_H_TL,24.0
1/2/2026,1325221318099HURL0,215/55 R18_UX Royale _99 H  TL_ Reinforc,24.0
1/5/2026,1D25214012008QSTL0,145R12_STEELKING_8PR_Q_TL,23.0
1/18/2026,1325215813079SUHL0,155/80 R13_ULTIMA HI^LIFE_79 S TL,23.0
1/23/2026,1325222217098VUX10,225/50R17 UX1 98 V TL,22.0
1/29/2026,1225175016012NJTL0,7.50R16LT_ JUH STEEL_12 PR_121/120 N_TT,22.0
1/24/2026,1325220316094VUX10,205/55R16 UX1 94 V TL Exp. & Dom.,22.0
1/21/2026,1325216614081TVECE,165/70R14_VECTRA_81 T TL_EXPORT,20.0
1/15/2026,ET1658014UXRSMTTL,ET-165/80R14_UX ROYALE_SMART_TL_85T,20.0
1/11/2026,1325217514082HVECL,175/65R14_VECTRA_82 H_ EXPORT,19.0
1/19/2026,1225219015008SLTB0,195-R15_BRUTE LT_8PR S TL,18.0
1/6/2026,1325221318099HURL0,215/55 R18_UX Royale _99 H  TL_ Reinforc,18.0
1/3/2026,1325218415084TTMX0,185/60 R15_TAXIMAX_84 T TL,18.0
1/28/2026,1225220Z16008RXC10,205R16C ULTIMA XPC1 110/108 R TL,16.0
1/18/2026,1325215813079STMX0,155/80 R13_TAXIMAX_79 S TL,16.0
1/8/2026,1225121716010SXC10,215/75R16_ULTIMA XPC1_10PR_S_TT,16.0
1/29/2026,1325218515088HURP0,185/65R15_UX ROYALE PUNCTURE GUARD_88H,16.0
1/30/2026,1325217514082HURL2,175/65R14 _UX ROYALE_82_H_4RIB_TL_EXPORT,16.0
1/17/2026,1325217413077TUSP0,175/60R13_ULTIMA SPORT_77_T_TL,14.0
1/16/2026,1D25214012008QSTL0,145R12_STEELKING_8PR_Q_TL,14.0
1/22/2026,1325220316091VURL1,205/55R16 UX Royale 91V,13.0
1/17/2026,1D25214012008QSTL0,145R12_STEELKING_8PR_Q_TL,12.0
1/25/2026,1325223317103VUX10,235/55R17 UX1 103 V TL,12.0
1/11/2026,1325223616105HRHT0,235/70 R16_RANGER H/T _105_H_TL,12.0
1/13/2026,1325219416089HRHE1,195/60R16_RANGER HPE_89H_TL_MSIL_YBB_,10.0
1/29/2026,ET1658014UXRSMTTL,ET-165/80R14_UX ROYALE_SMART_TL_85T,10.0
1/30/2026,1325225518111HRHB1,255/65R18_RANGER HT2_111H TL_M&M_Z121,10.0
1/27/2026,1325219515091VURL0,195/65 R15_UX ROYALE_91_V_TL,10.0
1/1/2026,1225219015010QSTL0,195R15LT_STEELKING_112_110_Q_10PR_TL,9.0
1/27/2026,1325219416089HRHE0,195/60R16_RANGER HPE_89H TL_TML,9.0
1/22/2026,1225121716010SXC10,215/75R16_ULTIMA XPC1_10PR_S_TT,8.0
1/5/2026,1325221318099HURL0,215/55 R18_UX Royale _99 H  TL_ Reinforc,8.0
1/8/2026,1325216514079TTMX0,165/65 R14_TAXIMAX_79 T TL,8.0
1/28/2026,1325218515088HURP0,185/65R15_UX ROYALE PUNCTURE GUARD_88H,8.0
1/17/2026,1325218515088HURL1,185/65R15_UX ROYALE_88H_5RIB_EXP_TL,8.0
1/29/2026,1325218515088HURL1,185/65R15_UX ROYALE_88H_5RIB_EXP_TL,8.0
1/7/2026,1325221318099HURL0,215/55 R18_UX Royale _99 H  TL_ Reinforc,6.0
1/10/2026,1225223516121RBVNE,235/65R16C _121/119 R_ SUMMER VAN,6.0
1/12/2026,1325221318099HURL0,215/55 R18_UX Royale _99 H  TL_ Reinforc,6.0
1/13/2026,1325121715100SBRT0,215/75R15 BRUTE 4X4_100_S_TT,5.0
1/19/2026,1325119815106QBRQ0,195/80R15 BRUTE TT,5.0
1/26/2026,1325121715115SLTB0,215/75R15 BRUTE_10PR_L_TT,4.0
1/26/2026,1225221716010SXC10,215/75R16C_ULTIMA XPC1 _ TL_PLT_ TML,4.0
1/25/2026,1325217613082TUNE2,175/70R13_ULTIMA NEO_82_T_4RIB_TL_ EXPOR,4.0
1/18/2026,1325219316087VURL0,195/55 R16_UX ROYALE_87_V_TL,4.0
1/15/2026,1325220515094VUTP0,205/65R15_UX TOURING PUNCTURE GUARD_94V,4.0
1/22/2026,1225221716010SXC10,215/75R16C_ULTIMA XPC1 _ TL_PLT_ TML,4.0
1/21/2026,1325222217098VUX10,225/50R17 UX1 98 V TL,2.0
1/16/2026,1325221715100SRXT0,215/75R15 _RANGER X-A/T_100 S_TL,2.0
1/19/2026,1325119015008SRBT0,195/80R15 RANGER BRT TT,2.0
1/5/2026,1325217415081HUTR0,175/60R15_UX TOURING_81H TL,2.0
1/20/2026,1325220416092VURL0,205/60 R16_UX ROYALE_92_V_TL,2.0
1/1/2026,1325215513073TUHL0,155/65R13_ ULTIMA HI^LIFE _73 T TL,2.0
1/10/2026,1425118916008QRBT0,185/85R16 RANGER BRT_TT,2.0
1/24/2026,1325216814085SUTR0,165/80R14_UX TOURING_85S TL,2.0
1/13/2026,1325213612065SULX1,135/70R12 Ultima LXT 65S TL FOR BAL,2.0
1/14/2026,1325121715100SBRT0,215/75R15 BRUTE 4X4_100_S_TT,2.0
1/16/2026,1325114812074TUHL0,145/80R12 ULTIMA HI^LIFE_TT,1.0
1/20/2026,1325216814085SUTR0,165/80R14_UX TOURING_85S TL,1.0
1/29/2026,1325221715100SRXT0,215/75R15 _RANGER X-A/T_100 S_TL,1.0
1/28/2026,1325219316087VURL0,195/55 R16_UX ROYALE_87_V_TL,1.0
1/29/2026,1325119815106QBRQ0,195/80R15 BRUTE TT,1.0
1/29/2026,1325222517102SRAB0,225/65R17_RANGER AT2_102S TL,1.0
1/25/2026,1325222318102VRHE1,225/55R18_RANGER HPE_102V XL TL_MGI_F520,1.0
